step,timestamp,elapsed_s,prob,raw_prob,severity,confidence,prediction,action,reason,applied,attack_state,first_attacker_ip,first_attacker_step,first_detect_latency_s,second_attacker_ip,second_attacker_step,second_detect_latency_s,second_locked_action,victim,attacker,is_new_attacker,port,bps,gt_label,gt_name,correct,total_cpu_pct,controllers_cpu_avg_pct,controllers_overhead_avg_pct,onos1_cpu,onos2_cpu,onos3_cpu,onos1_mem,onos2_mem,onos3_mem,total_sw_packets,total_sw_bytes,s1_packets,s2_packets,s3_packets,s4_packets,active_mitigations_count,unique_attackers_seen
0,2026-03-05T09:33:16.323419+00:00,3.2,0.0026090058963745832,0.003370840335264802,0.0031308070756495,0.9947819882072508,0,ALLOW,allow,True,False,,,,,,,,,,False,,0,0,INIT,True,16.6,3.5833333333333335,0.0,3.56,2.03,5.16,1.294GiB,1.266GiB,1.242GiB,16463,42589224,10717,2721,1250,1775,0,0
1,2026-03-05T09:33:20.387177+00:00,6.9,0.002228456549346447,0.002899167127907276,0.0026741478592157363,0.9955430869013071,0,ALLOW,allow,True,False,,,,,,,,,,False,,0,0,INIT,True,15.9,2.52,-0.5316666666666667,2.23,2.6,2.73,1.293GiB,1.266GiB,1.241GiB,16726,42946526,10805,2806,1255,1860,0,0
2,2026-03-05T09:33:24.452492+00:00,11.0,0.003169216215610504,0.004059734288603067,0.003803059458732605,0.993661567568779,0,ALLOW,allow,True,False,,,,,,,,,,False,,0,0,INIT,True,21.5,3.686666666666667,0.4233333333333332,4.26,3.66,3.14,1.294GiB,1.267GiB,1.242GiB,17129,43520176,10938,2940,1257,1994,0,0
3,2026-03-05T09:33:28.523786+00:00,15.0,0.003139015519991517,0.0040227435529232025,0.0037668186239898202,0.993721968960017,0,ALLOW,allow,True,False,,,,,,,,,,False,,0,0,INIT,True,31.7,7.766666666666667,3.3775,4.23,4.64,14.43,1.295GiB,1.268GiB,1.242GiB,16848,30646796,10424,3057,1259,2108,0,0
4,2026-03-05T09:33:32.564228+00:00,19.1,0.001971073681488633,0.002578148851171136,0.00236528841778636,0.9960578526370227,0,ALLOW,allow,True,False,,,,,,,,,,False,,0,0,INIT,True,28.0,7.2700000000000005,2.3046666666666664,8.41,6.87,6.53,1.295GiB,1.267GiB,1.242GiB,16595,17763260,10557,2533,1273,2232,0,0
5,2026-03-05T09:33:36.642093+00:00,23.1,0.0016707041068002582,0.002201134106144309,0.00200484492816031,0.9966585917863995,0,ALLOW,allow,True,False,,,,,,,,,,False,,0,0,INIT,True,13.5,2.516666666666667,-2.040555555555556,2.12,2.33,3.1,1.294GiB,1.267GiB,1.243GiB,16327,4885458,10684,2652,1277,1714,0,0
6,2026-03-05T09:33:40.698123+00:00,27.2,0.004272003658115864,0.005400677211582661,0.005126404389739036,0.9914559926837683,0,ALLOW,allow,True,False,,,,,,,,,,False,,0,0,INIT,True,15.5,3.2399999999999998,-1.1290476190476195,2.82,1.98,4.92,1.295GiB,1.266GiB,1.243GiB,16704,5398869,10811,2765,1290,1838,0,0
7,2026-03-05T09:33:44.754164+00:00,31.3,0.0053364913910627365,0.0066800909116864204,0.006403789669275284,0.9893270172178745,0,ALLOW,allow,True,False,,,,,,,,,,False,,0,0,INIT,True,20.0,3.866666666666667,-0.4395833333333338,3.73,3.74,4.13,1.295GiB,1.267GiB,1.243GiB,17029,5704232,10920,2864,1301,1944,0,0
8,2026-03-05T09:33:48.828933+00:00,35.3,0.015114855021238327,0.018050799146294594,0.01813782602548599,0.9697702899575233,0,ALLOW,allow,True,False,,,,,,,,,,False,,0,0,INIT,True,31.7,8.263333333333334,3.5174074074074064,6.22,11.54,7.03,1.292GiB,1.259GiB,1.241GiB,17127,5873822,10954,2869,1325,1979,0,0
9,2026-03-05T09:33:52.899854+00:00,39.4,0.005000922363251448,0.0062781404703855515,0.006001106835901737,0.9899981552734971,0,ALLOW,allow,True,False,,,,,,,,,,False,,0,0,INIT,True,21.5,5.066666666666666,0.2886666666666664,5.87,3.89,5.44,1.292GiB,1.258GiB,1.241GiB,17666,14336348,11135,3007,1367,2157,0,0
10,2026-03-05T09:33:56.966319+00:00,43.5,0.0049720704555511475,0.006243525072932243,0.005966484546661377,0.9900558590888977,0,ALLOW,allow,True,False,,,,,,,,,,False,,0,0,INIT,True,15.9,2.8000000000000003,-1.798181818181818,2.55,2.6,3.25,1.292GiB,1.259GiB,1.241GiB,17640,24708714,11314,2867,1410,2049,0,0
11,2026-03-05T09:34:01.027158+00:00,47.5,0.003396713873371482,0.0043378775008022785,0.004076056648045778,0.993206572253257,0,ALLOW,allow,True,False,,,,,,,,,,False,,0,0,INIT,True,18.4,4.153333333333333,-0.4077777777777782,4.26,4.57,3.63,1.293GiB,1.256GiB,1.243GiB,16323,33223686,11200,2229,1452,1442,0,0
12,2026-03-05T09:34:05.101744+00:00,51.6,0.0017556669190526009,0.002308059483766556,0.002106800302863121,0.9964886661618948,0,ALLOW,allow,True,False,,,,,,,,,,False,,0,0,INIT,True,17.1,3.41,-1.062564102564103,3.33,2.76,4.14,1.292GiB,1.256GiB,1.242GiB,16267,45164401,10677,2447,1467,1676,0,0
13,2026-03-05T09:34:09.155819+00:00,55.7,0.0009718275396153331,0.0013109957799315453,0.0011661930475383997,0.9980563449207693,0,ALLOW,allow,True,False,,,,,,,,,,False,,0,0,INIT,True,24.0,5.566666666666666,1.015952380952381,7.35,4.87,4.48,1.293GiB,1.257GiB,1.242GiB,17007,63289309,10925,2691,1471,1920,0,0
14,2026-03-05T09:34:13.214544+00:00,59.8,0.0019307562615722418,0.0025276995729655027,0.00231690751388669,0.9961384874768555,0,ALLOW,allow,True,False,,,,,,,,,,False,,0,0,INIT,True,32.3,8.590000000000002,3.7699999999999996,6.52,11.4,7.85,1.294GiB,1.258GiB,1.243GiB,17581,80767015,11007,2935,1475,2164,0,0
15,2026-03-05T09:34:17.439184+00:00,64.1,0.002422730438411236,0.0031403733883053064,0.002907276526093483,0.9951545391231775,0,ALLOW,allow,True,False,,,,,,,,,,False,,0,1,h2_NETWORK_DDOS,False,85.4,25.566666666666663,20.746666666666666,6.55,41.72,28.43,1.064GiB,1.122GiB,984.1MiB,26093,102105365,13130,6584,1532,4847,0,0
16,2026-03-05T09:34:22.320354+00:00,68.2,0.11709287762641907,0.12642446160316467,0.14051145315170288,0.7658142447471619,0,ALLOW,allow,True,False,,,,,,,,,,False,,0,1,h2_NETWORK_DDOS,False,124.0,30.23,25.409999999999997,27.47,46.89,16.33,992.6MiB,1.049GiB,951.9MiB,39102,127498781,16592,13395,1367,7748,0,0
17,2026-03-05T09:34:26.101840+00:00,73.1,0.9992945194244385,0.9990350008010864,1.0,0.998589038848877,1,ALLOW,allow,True,False,,,,,,,,,,False,,0,1,h2_NETWORK_DDOS,True,193.2,61.93666666666667,57.11666666666667,64.09,76.89,44.83,994.3MiB,1.034GiB,958.4MiB,50612,141852385,19451,19188,1369,10604,0,0
18,2026-03-05T09:34:30.519274+00:00,76.9,0.9992058873176575,0.9989192485809326,1.0,0.9984117746353149,1,RATE_LIMIT,first_attacker_probe,False,True,10.10.0.1,18.0,0.0,,,,,10.10.0.200,10.10.0.1,True,s1-eth1,5000000,1,h2_NETWORK_DDOS,True,183.2,41.203333333333326,36.38333333333333,49.01,41.69,32.91,998.2MiB,1.044GiB,958.6MiB,63688,153947925,22748,25666,1371,13903,0,1
19,2026-03-05T09:34:34.993932+00:00,81.3,0.9981120824813843,0.9975259900093079,1.0,0.9962241649627686,1,DROP,second_attacker_locked_drop,True,True,10.10.0.1,18.0,0.0,10.10.0.200,19.0,4.3999999999999915,DROP,10.10.0.2,10.10.0.200,True,,0,1,h2_NETWORK_DDOS,True,126.6,38.663333333333334,33.843333333333334,48.73,39.52,27.74,999.6MiB,1.049GiB,959.2MiB,76382,166936179,25862,32295,1377,16848,1,2
20,2026-03-05T09:34:38.874861+00:00,85.8,0.9989548921585083,0.9985945820808411,1.0,0.9979097843170166,1,DROP,locked_drop_whole_attack,True,True,10.10.0.1,18.0,0.0,10.10.0.200,19.0,4.3999999999999915,DROP,10.10.0.2,10.10.0.200,False,,0,1,h2_NETWORK_DDOS,True,530.0,154.73333333333332,149.91333333333333,210.34,158.8,95.06,1010MiB,1.046GiB,961MiB,85643,172977444,27484,36567,1379,20213,1,2
21,2026-03-05T09:34:43.094392+00:00,89.5,0.9924889802932739,0.9907404184341431,1.0,0.9849779605865479,1,DROP,locked_drop_whole_attack,True,True,10.10.0.1,18.0,0.0,10.10.0.200,19.0,4.3999999999999915,DROP,10.10.0.2,10.10.0.200,False,,0,1,h2_NETWORK_DDOS,True,79.1,23.513333333333332,18.69333333333333,30.96,30.9,8.68,1009MiB,1.045GiB,960.5MiB,94525,176595616,28996,41043,1381,23105,1,2
22,2026-03-05T09:34:47.109958+00:00,93.7,0.998824417591095,0.9984272718429565,1.0,0.9976488351821899,1,DROP,locked_drop_whole_attack,True,True,10.10.0.1,18.0,0.0,10.10.0.200,19.0,4.3999999999999915,DROP,10.10.0.2,10.10.0.200,False,,0,1,h2_NETWORK_DDOS,True,179.0,43.23333333333333,38.413333333333334,25.84,66.24,37.62,1010MiB,1.047GiB,960.5MiB,97596,177924700,29636,43009,1385,23566,1,2
23,2026-03-05T09:34:51.453620+00:00,97.9,0.9993988275527954,0.9991718530654907,1.0,0.9987976551055908,1,DROP,locked_drop_whole_attack,True,True,10.10.0.1,18.0,0.0,10.10.0.200,19.0,4.3999999999999915,DROP,10.10.0.2,10.10.0.200,False,,0,1,h2_NETWORK_DDOS,True,105.4,32.39,27.570000000000004,37.38,28.02,31.77,1011MiB,1.046GiB,962.7MiB,106884,182301217,31129,47661,1387,26707,1,2
24,2026-03-05T09:34:55.627338+00:00,102.2,0.9992121458053589,0.9989275336265564,1.0,0.9984242916107178,1,DROP,locked_drop_whole_attack,True,True,10.10.0.1,18.0,0.0,10.10.0.200,19.0,4.3999999999999915,DROP,10.10.0.2,10.10.0.200,False,,0,1,h2_NETWORK_DDOS,True,34.2,8.726666666666667,3.9066666666666663,20.25,3.01,2.92,1012MiB,1.054GiB,962.1MiB,117100,187040600,33004,52628,1390,30078,1,2
25,2026-03-05T09:34:59.994927+00:00,106.5,0.9992939233779907,0.9990341663360596,1.0,0.9985878467559814,1,DROP,locked_drop_whole_attack,True,True,10.10.0.1,18.0,0.0,10.10.0.200,19.0,4.3999999999999915,DROP,10.10.0.2,10.10.0.200,False,,0,1,h2_NETWORK_DDOS,True,88.6,26.923333333333332,22.103333333333335,32.19,22.69,25.89,1013MiB,1.056GiB,964.3MiB,123798,190363134,34080,57265,1394,31059,1,2
26,2026-03-05T09:35:04.276561+00:00,110.6,0.005489511415362358,0.006862994749099016,0.006587413698434829,0.9890209771692753,0,ALLOW,allow,True,True,10.10.0.1,18.0,0.0,10.10.0.200,19.0,4.3999999999999915,DROP,,,False,,0,1,h2_NETWORK_DDOS,False,227.0,66.81666666666666,61.99666666666667,53.7,86.25,60.5,1013MiB,1.06GiB,965.3MiB,132201,194113769,35751,62109,1396,32945,1,2
27,2026-03-05T09:35:08.143369+00:00,115.0,0.005061306990683079,0.006350558716803789,0.006073568388819694,0.9898773860186338,0,ALLOW,allow,True,True,10.10.0.1,18.0,0.0,10.10.0.200,19.0,4.3999999999999915,DROP,,,False,,0,1,h2_NETWORK_DDOS,False,20.4,4.466666666666667,-0.3533333333333335,4.37,5.61,3.42,1012MiB,1.052GiB,967MiB,139237,197115789,37192,66469,1398,34178,1,2
28,2026-03-05T09:35:12.210410+00:00,119.0,0.6172153949737549,0.6123261451721191,0.7406584739685058,0.23443078994750977,0,ALLOW,allow,True,True,10.10.0.1,18.0,0.0,10.10.0.200,19.0,4.3999999999999915,DROP,,,False,,0,1,h2_NETWORK_DDOS,False,170.1,42.62,37.800000000000004,62.41,35.21,30.24,1018MiB,1.065GiB,967.5MiB,131651,132446449,30960,71381,1411,27899,1,2
29,2026-03-05T09:35:16.253802+00:00,122.8,0.0029433597810566425,0.0037827128544449806,0.0035320317372679708,0.9941132804378867,0,ALLOW,allow,True,True,10.10.0.1,18.0,0.0,10.10.0.200,19.0,4.3999999999999915,DROP,,,False,,0,1,h2_NETWORK_DDOS,False,17.2,3.2866666666666666,-1.5333333333333339,3.28,2.68,3.9,1018MiB,1.054GiB,967.1MiB,139098,135520789,32459,75822,1415,29402,1,2
30,2026-03-05T09:35:20.904843+00:00,127.0,0.0009421302820555866,0.0012726524146273732,0.001130556338466704,0.9981157394358888,0,ALLOW,allow,True,False,,,,,,,,,,False,,0,1,h2_NETWORK_DDOS,False,124.5,30.093333333333334,25.273333333333337,51.06,18.49,20.73,1018MiB,1.053GiB,966.9MiB,147104,138864308,34071,80596,1419,31018,0,2
31,2026-03-05T09:35:24.359675+00:00,131.5,0.000564495800063014,0.0007797040161676705,0.0006773949600756168,0.998871008399874,0,ALLOW,allow,True,False,,,,,,,,,,False,,0,1,h2_NETWORK_DDOS,False,51.7,15.176666666666668,10.356666666666667,11.03,7.1,27.4,1018MiB,1.056GiB,967.5MiB,135355,97921935,33976,74906,1423,25050,0,2
32,2026-03-05T09:35:28.437929+00:00,135.0,0.0006943312473595142,0.0009504524641670287,0.0008331974968314171,0.998611337505281,0,ALLOW,allow,True,False,,,,,,,,,,False,,0,1,h2_NETWORK_DDOS,False,86.0,19.64333333333333,14.823333333333332,18.4,13.26,27.27,1019MiB,1.057GiB,969.3MiB,135414,97961509,33995,74923,1433,25063,0,2
33,2026-03-05T09:35:32.449215+00:00,139.0,0.9988430738449097,0.9984511137008667,1.0,0.9976861476898193,1,ALLOW,allow,True,False,,,,,,,,,,False,,0,1,h2_NETWORK_DDOS,True,20.2,3.5700000000000003,-1.2500000000000002,3.49,4.13,3.09,1019MiB,1.056GiB,968.6MiB,139634,98219596,34498,78106,1457,25573,0,2
34,2026-03-05T09:35:36.649844+00:00,143.0,0.9978488683700562,0.9971970319747925,1.0,0.9956977367401123,1,RATE_LIMIT,first_attacker_probe,False,True,10.10.0.2,34.0,0.0,,,,,10.10.0.200,10.10.0.2,True,s1-eth2,5000000,1,h2_NETWORK_DDOS,True,16.3,3.6266666666666665,-1.1933333333333336,4.45,2.84,3.59,1019MiB,1.056GiB,968.6MiB,145267,97935960,34945,82676,1483,26163,0,3
35,2026-03-05T09:35:40.708865+00:00,147.3,0.9974057078361511,0.996647298336029,1.0,0.9948114156723022,1,DROP,second_attacker_locked_drop,True,True,10.10.0.2,34.0,0.0,10.10.0.1,35.0,4.300000000000011,DROP,10.10.0.200,10.10.0.1,False,,0,1,h2_NETWORK_DDOS,True,16.0,2.983333333333333,-1.8366666666666671,2.53,3.46,2.96,1019MiB,1.057GiB,970.5MiB,147752,98858188,35452,84262,1512,26526,1,3
36,2026-03-05T09:35:44.667657+00:00,151.3,0.9982284903526306,0.9976720213890076,1.0,0.9964569807052612,1,DROP,locked_drop_whole_attack,True,True,10.10.0.2,34.0,0.0,10.10.0.1,35.0,4.300000000000011,DROP,10.10.0.200,10.10.0.1,False,,0,1,h2_NETWORK_DDOS,True,13.3,2.49,-2.33,2.87,2.7,1.9,1020MiB,1.057GiB,970.6MiB,147831,98958030,35478,84269,1535,26549,1,3
37,2026-03-05T09:35:48.985278+00:00,155.4,0.9970244765281677,0.9961777925491333,1.0,0.9940489530563354,1,DROP,locked_drop_whole_attack,True,True,10.10.0.2,34.0,0.0,10.10.0.1,35.0,4.300000000000011,DROP,10.10.0.200,10.10.0.1,False,,0,1,h2_NETWORK_DDOS,True,37.2,9.516666666666667,4.696666666666666,9.55,13.81,5.19,1.044GiB,1.061GiB,970.7MiB,154436,101545029,36479,87665,1565,28727,1,3
38,2026-03-05T09:35:52.813840+00:00,159.5,0.8003284335136414,0.790567934513092,0.9603941202163696,0.6006568670272827,0,DROP,locked_drop_whole_attack,True,True,10.10.0.2,34.0,0.0,10.10.0.1,35.0,4.300000000000011,DROP,10.10.0.200,10.10.0.1,False,,0,1,h2_NETWORK_DDOS,False,65.5,19.383333333333336,14.563333333333333,18.45,19.94,19.76,1.043GiB,1.062GiB,970.4MiB,162671,104884814,37938,91779,1587,31367,1,3
39,2026-03-05T09:35:56.872921+00:00,163.4,0.0017592464573681355,0.0023125591687858105,0.0021110957488417624,0.9964815070852637,0,ALLOW,allow,True,True,10.10.0.2,34.0,0.0,10.10.0.1,35.0,4.300000000000011,DROP,,,False,,0,1,h2_NETWORK_DDOS,False,30.1,7.0200000000000005,2.1999999999999997,3.81,9.05,8.2,1.044GiB,1.068GiB,973.4MiB,170927,108113740,39432,96332,1625,33538,1,3
40,2026-03-05T09:36:00.895960+00:00,167.5,0.00318676745519042,0.0040812245570123196,0.003824120946228504,0.9936264650896192,0,ALLOW,allow,True,True,10.10.0.2,34.0,0.0,10.10.0.1,35.0,4.300000000000011,DROP,,,False,,0,1,h2_NETWORK_DDOS,False,61.0,18.116666666666667,13.296666666666667,9.84,7.31,37.2,1.044GiB,1.061GiB,971.8MiB,177699,110647261,40772,100399,1647,34881,1,3
41,2026-03-05T09:36:05.066647+00:00,171.6,0.0016064391238614917,0.0021200980991125107,0.0019277269486337898,0.996787121752277,0,ALLOW,allow,True,True,10.10.0.2,34.0,0.0,10.10.0.1,35.0,4.300000000000011,DROP,,,False,,0,1,h2_NETWORK_DDOS,False,14.8,2.7533333333333334,-2.066666666666667,2.66,3.35,2.25,1.045GiB,1.062GiB,980.8MiB,185229,113394152,42338,104788,1658,36445,1,3
42,2026-03-05T09:36:09.149285+00:00,175.7,0.008106445893645287,0.009959397837519646,0.009727735072374344,0.9837871082127094,0,ALLOW,allow,True,True,10.10.0.2,34.0,0.0,10.10.0.1,35.0,4.300000000000011,DROP,,,False,,0,1,h2_NETWORK_DDOS,False,81.3,24.66,19.84,20.73,26.75,26.5,1.046GiB,1.064GiB,974MiB,192240,115829747,43662,109148,1660,37770,1,3
43,2026-03-05T09:36:13.585765+00:00,179.8,0.005574509501457214,0.006964491214603186,0.006689411401748657,0.9888509809970856,0,ALLOW,allow,True,False,,,,,,,,,,False,,0,1,h2_NETWORK_DDOS,False,18.1,3.67,-1.1500000000000004,4.8,3.36,2.85,1.05GiB,1.064GiB,973.6MiB,199117,118302947,44986,113257,1655,39219,0,3
44,2026-03-05T09:36:17.420938+00:00,184.2,0.0017654129769653082,0.002320310566574335,0.0021184955723583697,0.9964691740460694,0,ALLOW,allow,True,False,,,,,,,,,,False,,0,1,h2_NETWORK_DDOS,False,15.4,2.8699999999999997,-1.9500000000000004,3.98,2.28,2.35,1.052GiB,1.064GiB,974.7MiB,198909,88012971,45113,112914,1659,39223,0,3
45,2026-03-05T09:36:21.516539+00:00,188.0,0.0015597868477925658,0.0020611814688891172,0.0018717442173510788,0.9968804263044149,0,ALLOW,allow,True,False,,,,,,,,,,False,,0,1,h2_NETWORK_DDOS,False,13.8,2.54,-2.2800000000000002,2.22,2.52,2.88,1.053GiB,1.067GiB,975MiB,198899,87939426,45172,112970,1472,39285,0,3
46,2026-03-05T09:36:25.556066+00:00,192.1,0.00022909414838068187,0.0003290516324341297,0.00027491297805681825,0.9995418117032386,0,ALLOW,allow,True,False,,,,,,,,,,False,,0,1,h2_NETWORK_DDOS,False,28.9,6.416666666666667,1.5966666666666665,10.99,4.52,3.74,1.052GiB,1.066GiB,976MiB,199165,88275736,45261,113049,1486,39369,0,3
47,2026-03-05T09:36:29.617642+00:00,196.1,0.000864264729898423,0.0011718610767275095,0.0010371176758781075,0.9982714705402032,0,ALLOW,allow,True,False,,,,,,,,,,False,,0,1,h2_NETWORK_DDOS,False,21.9,5.1033333333333335,0.28333333333333305,2.84,10.0,2.47,1.053GiB,1.066GiB,976MiB,199198,88279624,45273,113056,1494,39375,0,3
48,2026-03-05T09:36:33.681578+00:00,200.2,0.0009831556817516685,0.0013256085803732276,0.001179786818102002,0.9980336886364967,0,ALLOW,allow,True,False,,,,,,,,,,False,,0,0,BENIGN,True,20.8,4.033333333333333,-0.7375000000000003,4.18,4.39,3.53,1.054GiB,1.067GiB,976.1MiB,199308,88426528,45311,113090,1497,39410,0,3
49,2026-03-05T09:36:37.722884+00:00,204.3,0.0013523619854822755,0.001798250013962388,0.0016228343825787305,0.9972952760290354,0,ALLOW,allow,True,False,,,,,,,,,,False,,0,0,BENIGN,True,18.9,3.996666666666666,-0.7286274509803925,4.43,3.93,3.63,1.054GiB,1.067GiB,976.1MiB,161904,48649579,45358,75592,1499,39455,0,3
50,2026-03-05T09:36:41.798486+00:00,208.3,0.0006147467065602541,0.0008459737873636186,0.0007376960478723049,0.9987705065868795,0,ALLOW,allow,True,False,,,,,,,,,,False,,0,0,BENIGN,True,18.1,3.4333333333333336,-1.220185185185185,2.77,3.5,4.03,1.054GiB,1.067GiB,976.2MiB,162052,48838705,45411,75638,1503,39500,0,3
51,2026-03-05T09:36:45.853071+00:00,212.4,0.0006699286168441176,0.0009184752125293016,0.0008039143402129411,0.9986601427663118,0,ALLOW,allow,True,False,,,,,,,,,,False,,0,0,BENIGN,True,20.5,3.546666666666667,-1.0485964912280703,4.26,2.75,3.63,1.054GiB,1.067GiB,976MiB,93175,12034250,10972,75649,1495,5059,0,3
52,2026-03-05T09:36:49.911441+00:00,216.4,0.00013689935440197587,0.00020106282318010926,0.00016427922528237105,0.999726201291196,0,ALLOW,allow,True,False,,,,,,,,,,False,,0,0,BENIGN,True,13.6,2.4000000000000004,-2.0855,2.08,2.65,2.47,1.054GiB,1.068GiB,975.1MiB,93636,18932514,11129,75802,1499,5206,0,3
53,2026-03-05T09:36:53.970865+00:00,220.5,0.00012865675671491772,0.00018946542695630342,0.00015438810805790126,0.9997426864865702,0,ALLOW,allow,True,False,,,,,,,,,,False,,0,0,BENIGN,True,20.7,4.573333333333333,0.08365079365079338,5.77,4.23,3.72,1.054GiB,1.067GiB,976.2MiB,93820,25061878,11156,75945,1504,5215,0,3
54,2026-03-05T09:36:58.043976+00:00,224.5,0.00011269374226685613,0.00016691167547833174,0.00013523249072022736,0.9997746125154663,0,ALLOW,allow,True,False,,,,,,,,,,False,,0,0,BENIGN,True,23.3,5.483333333333333,0.9484848484848483,5.35,5.34,5.76,1.054GiB,1.068GiB,976.3MiB,94286,32096866,11293,76106,1510,5377,0,3
55,2026-03-05T09:37:02.092316+00:00,228.6,9.099238377530128e-05,0.00013602245599031448,0.00010919086053036153,0.9998180152324494,0,ALLOW,allow,True,False,,,,,,,,,,False,,0,0,BENIGN,True,13.5,2.24,-2.1950724637681156,1.96,2.08,2.68,1.054GiB,1.068GiB,975.8MiB,94715,38463146,11452,76241,1513,5509,0,3
56,2026-03-05T09:37:06.415664+00:00,232.7,0.00010042783105745912,0.00014948791067581624,0.00012051339726895093,0.9997991443378851,0,ALLOW,allow,True,False,,,,,,,,,,False,,0,0,BENIGN,True,234.6,72.71333333333332,65.43333333333332,56.65,95.55,65.94,1.056GiB,1.071GiB,977.3MiB,96721,46100741,11998,76379,2228,6116,0,3
57,2026-03-05T09:37:11.068376+00:00,237.3,0.0006951817194931209,0.0009515659767203033,0.000834218063391745,0.9986096365610138,0,ALLOW,allow,True,False,,,,,,,,,,False,,0,1,h2_NETWORK_DDOS,False,135.4,42.15,34.87,83.02,27.83,15.6,1.062GiB,1.08GiB,980.3MiB,109680,58557279,15303,76562,8465,9350,0,3
58,2026-03-05T09:37:15.037343+00:00,242.0,0.006310189608484507,0.00784012395888567,0.007572227530181407,0.987379620783031,0,ALLOW,allow,True,False,,,,,,,,,,False,,0,1,h2_NETWORK_DDOS,False,180.9,57.173333333333325,49.89333333333334,16.38,74.93,80.21,1.063GiB,1.095GiB,982.8MiB,119720,66714219,17943,76364,13434,11979,0,3
59,2026-03-05T09:37:19.078010+00:00,245.7,0.002103942446410656,0.0027440860867500305,0.002524730935692787,0.9957921151071787,0,ALLOW,allow,True,False,,,,,,,,,,False,,0,1,h2_NETWORK_DDOS,False,136.7,42.083333333333336,34.803333333333335,26.26,67.1,32.89,1.063GiB,1.095GiB,982.5MiB,119882,66921361,17994,76416,13442,12030,0,3
60,2026-03-05T09:37:23.256626+00:00,249.7,0.0021810876205563545,0.0028402155730873346,0.0026173051446676254,0.9956378247588873,0,ALLOW,allow,True,False,,,,,,,,,,False,,0,1,h2_NETWORK_DDOS,False,187.4,54.17666666666667,46.89666666666667,93.02,49.14,20.37,1.063GiB,1.081GiB,982.5MiB,121983,67999459,18536,76470,14413,12564,0,3
61,2026-03-05T09:37:27.322729+00:00,253.8,0.04113708809018135,0.04685252904891968,0.04936450570821762,0.9177258238196373,0,ALLOW,allow,True,False,,,,,,,,,,False,,0,1,h2_NETWORK_DDOS,False,204.2,62.35666666666666,55.076666666666675,68.23,55.2,63.64,1.067GiB,1.083GiB,983.6MiB,133747,73430392,21473,76505,20272,15497,0,3
62,2026-03-05T09:37:31.373947+00:00,257.9,0.034258924424648285,0.03936717286705971,0.04111070930957794,0.9314821511507034,0,ALLOW,allow,True,False,,,,,,,,,,False,,0,1,h2_NETWORK_DDOS,False,358.4,101.90666666666665,94.62666666666667,147.73,47.97,110.02,1.069GiB,1.084GiB,986.9MiB,132694,55561877,18474,75870,25846,12504,0,3
63,2026-03-05T09:37:35.836929+00:00,262.1,0.05076110363006592,0.057217441499233246,0.0609133243560791,0.8984777927398682,0,ALLOW,allow,True,False,,,,,,,,,,False,,0,1,h2_NETWORK_DDOS,False,245.5,75.11666666666667,67.83666666666666,140.61,42.92,41.82,1.072GiB,1.096GiB,987.5MiB,144761,61309150,20933,77129,31293,15406,0,3
64,2026-03-05T09:37:39.963030+00:00,266.7,0.1055813804268837,0.11462381482124329,0.12669765651226042,0.7888372391462326,0,ALLOW,allow,True,False,,,,,,,,,,False,,0,1,h2_NETWORK_DDOS,False,440.1,128.41,121.13,142.62,124.69,117.92,1.074GiB,1.098GiB,988.2MiB,156490,66643341,23607,78458,36294,18131,0,3
65,2026-03-05T09:37:44.463719+00:00,270.7,0.03362208977341652,0.0386703796684742,0.04034650772809982,0.932755820453167,0,ALLOW,allow,True,False,,,,,,,,,,False,,0,1,h2_NETWORK_DDOS,False,145.4,42.026666666666664,34.74666666666666,75.24,16.45,34.39,1.086GiB,1.128GiB,1001MiB,168493,72569379,26183,80025,41594,20691,0,3
66,2026-03-05T09:37:48.130706+00:00,275.0,0.9642091393470764,0.9589593410491943,1.0,0.9284182786941528,1,ALLOW,allow,True,False,,,,,,,,,,False,,0,1,h2_NETWORK_DDOS,True,88.1,19.849999999999998,12.57,16.23,14.63,28.69,1.078GiB,1.145GiB,1002MiB,173735,75162302,27695,80553,43772,21715,0,3
67,2026-03-05T09:37:52.467552+00:00,279.2,0.9679791331291199,0.9630846381187439,1.0,0.9359582662582397,1,RATE_LIMIT,first_attacker_probe,True,True,10.10.0.102,67.0,0.0,,,,,10.10.0.200,10.10.0.102,True,s3-eth2,5000000,1,h2_NETWORK_DDOS,True,200.1,58.99,51.71,89.73,18.61,68.63,1.075GiB,1.146GiB,1003MiB,182911,47649530,29235,81911,48526,23239,1,4
68,2026-03-05T09:37:56.718599+00:00,283.2,0.006342331413179636,0.007878271862864494,0.007610797695815563,0.9873153371736407,0,ALLOW,allow,True,True,10.10.0.102,67.0,0.0,,,,,,,False,,0,1,h2_NETWORK_DDOS,False,291.6,84.55666666666667,77.27666666666667,94.88,52.67,106.12,1.075GiB,1.129GiB,1004MiB,195213,53292546,31948,83260,54009,25996,1,4
69,2026-03-05T09:38:00.518673+00:00,287.4,0.0035635142121464014,0.00454127648845315,0.004276217054575681,0.9928729715757072,0,ALLOW,allow,True,True,10.10.0.102,67.0,0.0,,,,,,,False,,0,1,h2_NETWORK_DDOS,False,143.4,45.163333333333334,37.88333333333333,8.31,71.4,55.78,1.077GiB,1.132GiB,1013MiB,204995,58003179,34425,83349,58801,28420,1,4
70,2026-03-05T09:38:04.920681+00:00,291.3,0.0025295971427112818,0.003272685222327709,0.0030355165712535382,0.9949408057145774,0,ALLOW,allow,True,True,10.10.0.102,67.0,0.0,,,,,,,False,,0,1,h2_NETWORK_DDOS,False,98.8,23.649999999999995,16.37,17.45,17.02,36.48,1.077GiB,1.128GiB,1013MiB,218457,64605375,37734,83449,65295,31979,1,4
71,2026-03-05T09:38:09.268291+00:00,295.7,0.2936355769634247,0.30156442523002625,0.3523626923561096,0.41272884607315063,0,ALLOW,allow,True,True,10.10.0.102,67.0,0.0,,,,,,,False,,0,1,h2_NETWORK_DDOS,False,103.2,31.926666666666666,24.646666666666665,30.13,35.78,29.87,1.078GiB,1.129GiB,1013MiB,230356,72329478,40856,83182,71474,34844,1,4
72,2026-03-05T09:38:13.579338+00:00,299.8,0.4890235364437103,0.48949769139289856,0.5868282437324523,0.021952927112579346,0,ALLOW,allow,True,False,,,,,,,,,,False,,0,1,h2_NETWORK_DDOS,False,79.2,17.55333333333333,10.273333333333332,14.7,13.81,24.15,1.082GiB,1.128GiB,1013MiB,239415,93136236,43237,83476,75482,37220,0,4
73,2026-03-05T09:38:17.799681+00:00,304.2,0.023435356095433235,0.02742168866097927,0.02812242731451988,0.9531292878091335,0,ALLOW,allow,True,False,,,,,,,,,,False,,0,1,h2_NETWORK_DDOS,False,82.5,24.756666666666664,17.476666666666667,27.84,28.66,17.77,1.083GiB,1.129GiB,1016MiB,250698,115071579,46136,83782,80660,40120,0,4
74,2026-03-05T09:38:21.751021+00:00,308.4,0.006613446865230799,0.008199682459235191,0.007936136238276959,0.9867731062695384,0,ALLOW,allow,True,False,,,,,,,,,,False,,0,1,h2_NETWORK_DDOS,False,99.4,30.02,22.74,26.86,42.53,20.67,1.082GiB,1.129GiB,1017MiB,262948,136242405,49208,84033,86518,43189,0,4
75,2026-03-05T09:38:25.973555+00:00,312.5,0.011549827642738819,0.013964288868010044,0.013859793171286583,0.9769003447145224,0,ALLOW,allow,True,False,,,,,,,,,,False,,0,1,h2_NETWORK_DDOS,False,28.5,7.153333333333333,-0.12666666666666723,10.6,1.94,8.92,1.085GiB,1.128GiB,1017MiB,272868,155892475,51384,84366,91754,45364,0,4
76,2026-03-05T09:38:30.344964+00:00,316.6,0.008215876296162605,0.010087753646075726,0.009859051555395126,0.9835682474076748,0,ALLOW,allow,True,False,,,,,,,,,,False,,0,1,h2_NETWORK_DDOS,False,107.0,31.563333333333333,24.283333333333335,30.87,38.67,25.15,1.086GiB,1.13GiB,1017MiB,281800,176869804,53255,84672,96708,47165,0,4
77,2026-03-05T09:38:34.612792+00:00,321.0,0.016243571415543556,0.01933440938591957,0.019492285698652266,0.9675128571689129,0,ALLOW,allow,True,False,,,,,,,,,,False,,0,1,h2_NETWORK_DDOS,False,14.8,2.65,-4.63,2.52,3.19,2.24,1.086GiB,1.129GiB,1017MiB,293261,198168330,56320,85112,101970,49859,0,4
78,2026-03-05T09:38:37.893470+00:00,325.2,0.3159911036491394,0.32324808835983276,0.3791893243789673,0.3680177927017212,0,ALLOW,allow,True,False,,,,,,,,,,False,,0,1,h2_NETWORK_DDOS,False,43.7,12.503333333333332,5.223333333333333,8.97,13.61,14.93,1.086GiB,1.129GiB,1017MiB,297601,213826326,57517,85418,103612,51054,0,4
79,2026-03-05T09:38:41.994737+00:00,328.5,0.43199974298477173,0.43490421772003174,0.518399691581726,0.13600051403045654,0,ALLOW,allow,True,False,,,,,,,,,,False,,0,1,h2_NETWORK_DDOS,False,119.2,36.35666666666666,29.076666666666668,34.41,40.81,33.85,1.087GiB,1.138GiB,1018MiB,298088,229662930,57874,85765,103046,51403,0,4
80,2026-03-05T09:38:46.081121+00:00,332.6,0.001133629004471004,0.0015190417179837823,0.0013603548053652047,0.997732741991058,0,ALLOW,allow,True,False,,,,,,,,,,False,,0,1,h2_NETWORK_DDOS,False,43.9,12.016666666666666,4.7366666666666655,9.92,14.85,11.28,1.087GiB,1.138GiB,1GiB,298494,245541564,57716,86050,103051,51677,0,4
81,2026-03-05T09:38:50.113746+00:00,336.7,0.0005581710720434785,0.0007713453378528357,0.0006698052864521741,0.998883657855913,0,ALLOW,allow,True,False,,,,,,,,,,False,,0,1,h2_NETWORK_DDOS,False,59.8,17.29,10.01,17.94,19.5,14.43,1.086GiB,1.129GiB,1GiB,298859,248288570,57840,86171,103053,51795,0,4
82,2026-03-05T09:38:54.166530+00:00,340.7,0.0006056740530766547,0.0008340270724147558,0.0007268088636919856,0.9987886518938467,0,ALLOW,allow,True,False,,,,,,,,,,False,,0,0,BENIGN,True,41.1,11.236666666666666,3.7983999999999996,12.34,10.8,10.57,1.087GiB,1.129GiB,1GiB,299145,248686074,57939,86265,103057,51884,0,4
83,2026-03-05T09:38:58.228426+00:00,344.7,0.0002833687758538872,0.00040327562601305544,0.00034004253102466465,0.9994332624482922,0,ALLOW,allow,True,False,,,,,,,,,,False,,0,0,BENIGN,True,47.3,13.086666666666666,5.431153846153845,13.92,9.74,15.6,1.088GiB,1.129GiB,1024MiB,177000,174859205,21465,85344,54780,15411,0,4
84,2026-03-05T09:39:02.283496+00:00,348.8,0.0001173370546894148,0.0001734855759423226,0.00014080446562729775,0.9997653258906212,0,ALLOW,allow,True,False,,,,,,,,,,False,,0,0,BENIGN,True,45.7,12.323333333333332,4.494938271604938,12.23,9.62,15.12,1.086GiB,1.129GiB,1024MiB,177272,175242393,21556,85432,54782,15502,0,4
85,2026-03-05T09:39:06.337677+00:00,352.9,0.0001355363056063652,0.0001991472381632775,0.00016264356672763823,0.9997289273887873,0,ALLOW,allow,True,False,,,,,,,,,,False,,0,0,BENIGN,True,31.4,8.233333333333333,0.39047619047619,8.62,7.31,8.77,1.087GiB,1.13GiB,1GiB,173911,75294355,19827,83692,54796,15596,0,4
86,2026-03-05T09:39:10.410018+00:00,356.9,0.0001482455845689401,0.00021697806369047612,0.0001778947014827281,0.9997035088308621,0,ALLOW,allow,True,False,,,,,,,,,,False,,0,0,BENIGN,True,77.3,22.69666666666667,14.341609195402299,15.26,14.14,38.69,1.087GiB,1.13GiB,1GiB,172283,25394233,19895,83754,54802,13832,0,4
87,2026-03-05T09:39:14.461644+00:00,361.0,0.00013388824299909174,0.00019682978745549917,0.0001606658915989101,0.9997322235140018,0,ALLOW,allow,True,False,,,,,,,,,,False,,0,0,BENIGN,True,44.8,12.38,3.890777777777777,9.53,15.26,12.35,1.087GiB,1.13GiB,1023MiB,172305,25396739,19906,83759,54804,13836,0,4
88,2026-03-05T09:39:18.522876+00:00,365.0,0.0001266581384697929,0.00018664865638129413,0.00015198976616375147,0.9997466837230604,0,ALLOW,allow,True,False,,,,,,,,,,False,,0,0,BENIGN,True,59.0,16.166666666666668,7.429784946236559,18.26,9.56,20.68,1.087GiB,1.13GiB,1.001GiB,172319,25398747,19914,83760,54808,13837,0,4
89,2026-03-05T09:39:22.581303+00:00,369.1,0.00011201587767573074,0.0001659509289311245,0.00013441905321087688,0.9997759682446485,0,ALLOW,allow,True,False,,,,,,,,,,False,,0,0,BENIGN,True,55.6,15.643333333333333,6.690625000000001,17.19,15.28,14.46,1.087GiB,1.13GiB,1.001GiB,171655,24296053,19205,83789,54804,13857,0,4
90,2026-03-05T09:39:26.908172+00:00,373.1,9.109605161938816e-05,0.00013617079821415246,0.00010931526194326579,0.9998178078967612,0,ALLOW,allow,True,False,,,,,,,,,,False,,0,1,h2_NETWORK_DDOS,False,110.4,32.559999999999995,23.607291666666665,34.23,46.91,16.54,1.088GiB,1.143GiB,1GiB,179213,27233547,21135,87437,54859,15782,0,4
91,2026-03-05T09:39:30.841822+00:00,377.9,0.00027944636531174183,0.00039793396717868745,0.00033533563837409016,0.9994411072693765,0,ALLOW,allow,True,False,,,,,,,,,,False,,0,1,h2_NETWORK_DDOS,False,59.3,16.236666666666665,7.283958333333332,4.84,4.39,39.48,1.089GiB,1.143GiB,1GiB,190856,32302233,24006,92822,54965,19063,0,4
92,2026-03-05T09:39:35.115368+00:00,381.5,0.05451898276805878,0.06123480573296547,0.06542277932167052,0.8909620344638824,0,ALLOW,allow,True,False,,,,,,,,,,False,,0,1,h2_NETWORK_DDOS,False,17.4,3.7699999999999996,-5.182708333333333,2.86,3.51,4.94,1.088GiB,1.13GiB,1.002GiB,197160,35018219,25628,96294,54969,20269,0,4
93,2026-03-05T09:39:39.395164+00:00,385.7,0.002324709203094244,0.0030187845695763826,0.002789651043713093,0.9953505815938115,0,ALLOW,allow,True,False,,,,,,,,,,False,,0,1,h2_NETWORK_DDOS,False,108.0,33.91,24.957291666666666,31.46,34.37,35.9,1.088GiB,1.13GiB,1.001GiB,197186,35020701,25636,96308,54971,20271,0,4
94,2026-03-05T09:39:43.530369+00:00,390.2,0.002000530483201146,0.0026149782352149487,0.0024006365798413753,0.9959989390335977,0,ALLOW,allow,True,False,,,,,,,,,,False,,0,1,h2_NETWORK_DDOS,False,135.1,42.04333333333333,33.090624999999996,13.1,42.08,70.95,1.089GiB,1.134GiB,1.022GiB,197159,33920335,24082,99286,55072,18719,0,4
95,2026-03-05T09:39:47.566562+00:00,394.2,0.007789984345436096,0.009587757289409637,0.009347981214523316,0.9844200313091278,0,ALLOW,allow,True,False,,,,,,,,,,False,,0,1,h2_NETWORK_DDOS,False,85.7,24.686666666666667,15.733958333333334,8.55,15.28,50.23,1.089GiB,1.129GiB,1.021GiB,209053,39334095,27026,105248,55118,21661,0,4
96,2026-03-05T09:39:52.592512+00:00,398.8,0.01533399149775505,0.018300363793969154,0.01840078979730606,0.9693320170044899,0,ALLOW,allow,True,False,,,,,,,,,,False,,0,1,h2_NETWORK_DDOS,False,25.6,5.723333333333334,-3.2293749999999997,2.9,10.77,3.5,1.089GiB,1.131GiB,1.009GiB,223424,46051457,30621,112375,55177,25251,0,4
97,2026-03-05T09:39:56.262886+00:00,403.1,0.06719591468572617,0.07468152046203613,0.0806350976228714,0.8656081706285477,0,ALLOW,allow,True,False,,,,,,,,,,False,,0,1,h2_NETWORK_DDOS,False,16.0,2.736666666666667,-6.2160416666666665,2.91,2.33,2.97,1.09GiB,1.131GiB,1.009GiB,233246,50162100,32783,117821,55225,27417,0,4
98,2026-03-05T09:40:00.127884+00:00,407.0,0.39581742882728577,0.4001963138580322,0.4749809145927429,0.20836514234542847,0,ALLOW,allow,True,False,,,,,,,,,,False,,0,1,h2_NETWORK_DDOS,False,17.4,3.516666666666667,-5.436041666666667,3.03,3.48,4.04,1.089GiB,1.131GiB,1.01GiB,240132,52786382,34150,121926,55270,28786,0,4
99,2026-03-05T09:40:04.024998+00:00,410.7,0.7800347208976746,0.7705051302909851,0.9360416650772094,0.5600694417953491,0,ALLOW,allow,True,False,,,,,,,,,,False,,0,1,h2_NETWORK_DDOS,False,28.5,7.073333333333333,-1.8793749999999996,4.79,13.39,3.04,1.108GiB,1.132GiB,1.009GiB,246141,54366903,35520,125884,55316,29421,0,4
100,2026-03-05T09:40:08.158812+00:00,414.7,0.01354498602449894,0.016257720068097115,0.016253983229398725,0.9729100279510021,0,ALLOW,allow,True,False,,,,,,,,,,False,,0,1,h2_NETWORK_DDOS,False,61.3,16.849999999999998,7.897291666666667,10.09,6.56,33.9,1.109GiB,1.132GiB,1.009GiB,254027,57232490,37151,130457,55369,31050,0,4
101,2026-03-05T09:40:12.570711+00:00,418.8,0.017964661121368408,0.021283451467752457,0.021557593345642088,0.9640706777572632,0,ALLOW,allow,True,False,,,,,,,,,,False,,0,1,h2_NETWORK_DDOS,False,21.6,4.72,-4.232708333333334,5.79,3.52,4.85,1.099GiB,1.132GiB,1.01GiB,262673,60492196,38877,135602,55415,32779,0,4
102,2026-03-05T09:40:16.064845+00:00,423.3,0.037843912839889526,0.0432775504887104,0.04541269540786743,0.924312174320221,0,ALLOW,allow,True,False,,,,,,,,,,False,,0,1,h2_NETWORK_DDOS,False,15.0,2.75,-6.202708333333334,2.85,2.26,3.14,1.1GiB,1.133GiB,1.011GiB,268485,62484153,39967,139237,55417,33864,0,4
103,2026-03-05T09:40:19.363331+00:00,426.7,0.14652715623378754,0.15630842745304108,0.17583258748054503,0.7069456875324249,0,ALLOW,allow,True,False,,,,,,,,,,False,,0,1,h2_NETWORK_DDOS,False,22.8,4.76,-4.192708333333333,5.41,3.69,5.18,1.099GiB,1.133GiB,1.011GiB,275203,64898651,41291,143303,55419,35190,0,4
104,2026-03-05T09:40:23.637851+00:00,430.0,0.16724605858325958,0.1771318018436432,0.2006952702999115,0.6655078828334808,0,ALLOW,allow,True,False,,,,,,,,,,False,,0,1,h2_NETWORK_DDOS,False,100.8,31.043333333333333,22.090625000000003,28.02,27.34,37.77,1.1GiB,1.134GiB,1.011GiB,273858,62447401,38352,147790,55421,32295,0,4
105,2026-03-05T09:40:27.655314+00:00,434.2,0.004780634306371212,0.0060136145912110806,0.005736761167645454,0.9904387313872576,0,ALLOW,allow,True,False,,,,,,,,,,False,,0,1,h2_NETWORK_DDOS,False,15.4,3.016666666666667,-5.936041666666667,2.94,2.69,3.42,1.1GiB,1.134GiB,1.01GiB,279815,64240709,39556,151646,55110,33503,0,4
106,2026-03-05T09:40:31.750329+00:00,438.7,0.0016086433315649629,0.0021228804253041744,0.0019303719978779553,0.9967827133368701,0,ALLOW,allow,True,False,,,,,,,,,,False,,0,1,h2_NETWORK_DDOS,False,165.9,49.45666666666667,40.50395833333334,73.04,17.55,57.78,1.1GiB,1.135GiB,1.009GiB,285063,66763359,40768,153875,55714,34706,0,4
107,2026-03-05T09:40:36.263268+00:00,442.5,0.006824778392910957,0.008449796587228775,0.008189734071493149,0.9863504432141781,0,ALLOW,allow,True,False,,,,,,,,,,False,,0,1,h2_NETWORK_DDOS,False,128.1,36.49333333333333,27.540625000000002,54.81,13.7,40.97,1.1GiB,1.135GiB,1.011GiB,296639,71540734,43171,159303,57073,37092,0,4
108,2026-03-05T09:40:40.476806+00:00,447.1,0.0040516238659620285,0.005134098697453737,0.004861948639154434,0.9918967522680759,0,ALLOW,allow,True,False,,,,,,,,,,False,,0,1,h2_NETWORK_DDOS,False,209.0,67.39,58.437291666666674,156.77,24.98,20.42,1.108GiB,1.135GiB,1.01GiB,305564,75263806,45024,163955,57641,38944,0,4
109,2026-03-05T09:40:44.384606+00:00,451.3,0.0024204545188695192,0.003137551946565509,0.002904545422643423,0.995159090962261,0,ALLOW,allow,True,False,,,,,,,,,,False,,0,1,h2_NETWORK_DDOS,False,21.4,4.716666666666667,-4.236041666666666,7.22,3.1,3.83,1.109GiB,1.135GiB,1.01GiB,312858,77793803,46388,168518,57643,40309,0,4
110,2026-03-05T09:40:48.545163+00:00,455.2,0.0012507991632446647,0.0016688751056790352,0.0015009589958935976,0.9974984016735107,0,ALLOW,allow,True,False,,,,,,,,,,False,,0,1,h2_NETWORK_DDOS,False,64.0,17.673333333333332,8.720625,8.05,8.29,36.68,1.11GiB,1.15GiB,1.013GiB,319940,80425319,47880,172606,57655,41799,0,4
111,2026-03-05T09:40:52.798579+00:00,459.3,0.01771463081240654,0.021000880748033524,0.021257556974887848,0.9645707383751869,0,ALLOW,allow,True,False,,,,,,,,,,False,,0,1,h2_NETWORK_DDOS,False,17.1,3.6033333333333335,-5.349374999999999,5.29,2.25,3.27,1.109GiB,1.149GiB,1.012GiB,327367,83130490,49327,177132,57660,43248,0,4
112,2026-03-05T09:40:56.979768+00:00,463.4,0.06312638521194458,0.07038147747516632,0.0757516622543335,0.8737472295761108,0,ALLOW,allow,True,False,,,,,,,,,,False,,0,1,h2_NETWORK_DDOS,False,157.1,49.660000000000004,40.70729166666667,20.4,41.65,86.93,1.109GiB,1.144GiB,1.012GiB,331157,84484000,50055,179466,57662,43974,0,4
113,2026-03-05T09:41:01.045841+00:00,467.5,0.0033827079460024834,0.004320776090025902,0.00405924953520298,0.993234584107995,0,ALLOW,allow,True,False,,,,,,,,,,False,,0,1,h2_NETWORK_DDOS,False,69.4,20.939999999999998,11.987291666666666,18.86,25.41,18.55,1.109GiB,1.145GiB,1.013GiB,331167,84485390,50059,179468,57664,43976,0,4
114,2026-03-05T09:41:05.107127+00:00,471.6,0.0022876944858580828,0.0029728112276643515,0.0027452333830296992,0.9954246110282838,0,ALLOW,allow,True,False,,,,,,,,,,False,,0,1,h2_NETWORK_DDOS,False,46.2,12.956666666666665,4.003958333333332,9.45,18.97,10.45,1.109GiB,1.138GiB,1.019GiB,330457,83376945,50071,178739,57662,43985,0,4
