step,sample_id,elapsed_s,timestamp,backlog_samples,gt_label,gt_host,gt_ip,gt_source,gt_file_label,gt_sample_label,gt_mismatch,attack_episode_id,raw_prob,attack_prob,binary_pred,threshold,correct,is_tp,is_fp,is_tn,is_fn,prob_delta,prob_slope_5step,prob_at_mitigation_start,prob_change_since_mitig,cum_tp,cum_fp,cum_tn,cum_fn,rolling_precision,rolling_recall,rolling_f1,dqn_raw_action,mapped_action,active_mitigation,agent_overridden,action_taken,nominated_ip,skip_reason,target_ip,would_mitigate,would_mitigated_ip,mitigation_active,mitigation_duration_s,total_packets,total_packets_delta,forwarded_packets_delta,dropped_packets_delta,throughput_ratio,pkt_rate_pps,total_flows,total_bytes,flow_arrival_rate,src_entropy,top_source_dominance,active_sources,syn_ratio_top_src,pps_top_src,attack_start_elapsed,first_detection_elapsed,first_policy_block_elapsed,onos1_cpu,onos2_cpu,onos3_cpu,ctrl_cpu_avg,ctrl_cpu_max,python_cpu_pct,python_mem_mb,preprocess_ms,lstm_inference_ms,dqn_inference_ms,api_latency_ms,drop_query_ms,step_total_ms
0,73,2.0,2026-05-18T15:07:38.694772,73,0,none,none,sample,0,0,0,0,0.00318,0.002455,0,0.8471859296482412,1,0,0,1,0,0.0,0.0,,,0,0,1,0,0.0,0.0,0.0,0,0,0,False,ALLOW,none,not_nominated,none,0,,0,0.0,1232,1232.0,1232.0,0.0,1.0,616.0,11,16691570,0.0,1.6387,0.3604,5,0.6667,664.5,,,,4.6,3.0,3.26,3.62,4.6,15.3,1235.0,51.82,349.06,1.31,0.0,0.0,1840.48
1,75,5.8,2026-05-18T15:07:42.742350,2,0,none,none,sample,0,0,0,0,0.0027,0.002068,0,0.8471859296482412,1,0,0,1,0,-0.000387,0.0,,,0,0,2,0,0.0,0.0,0.0,0,0,0,False,ALLOW,none,not_nominated,none,0,,0,0.0,1336,1336.0,1336.0,0.0,1.0,668.0,9,19055946,0.0,1.6146,0.3331,4,0.0,667.5,,,,4.1,3.19,3.6,3.63,4.1,9.6,1235.0,65.6,94.49,1.25,0.0,0.0,2047.32
2,77,9.9,2026-05-18T15:07:46.804175,2,0,none,none,sample,0,0,0,0,0.002294,0.001745,0,0.8471859296482412,1,0,0,1,0,-0.000323,0.0,,,0,0,3,0,0.0,0.0,0.0,0,0,0,False,ALLOW,none,not_nominated,none,0,,0,0.0,998,998.0,998.0,0.0,1.0,499.0,8,20501754,3.0,1.1056,0.4987,4,0.0,739.5,,,,5.45,4.18,4.63,4.75,5.45,6.9,1225.2,45.45,69.79,1.18,0.0,0.0,2061.54
3,79,14.0,2026-05-18T15:07:50.861026,2,0,none,none,sample,0,0,0,0,0.001782,0.00134,0,0.8471859296482412,1,0,0,1,0,-0.000405,0.0,,,0,0,4,0,0.0,0.0,0.0,0,0,0,False,ALLOW,none,not_nominated,none,0,,0,0.0,1120,1120.0,1120.0,0.0,1.0,560.0,7,22656163,0.0,1.2029,0.4856,3,0.0,811.5,,,,3.11,4.13,3.49,3.58,4.13,9.1,1225.3,66.56,90.06,1.3,0.0,0.0,2056.6
4,81,18.0,2026-05-18T15:07:54.920667,2,0,none,none,sample,0,0,0,0,0.00129,0.000955,0,0.8471859296482412,1,0,0,1,0,-0.000385,0.0,,,0,0,5,0,0.0,0.0,0.0,0,0,0,False,ALLOW,none,not_nominated,none,0,,0,0.0,1252,1252.0,1252.0,0.0,1.0,626.0,4,24714980,0.0,1.3702,0.4681,4,0.0,879.0,,,,3.27,3.25,2.52,3.01,3.27,8.6,1225.5,52.07,81.68,2.08,0.0,0.0,2059.34
5,83,22.1,2026-05-18T15:07:58.982709,2,0,none,none,sample,0,0,0,0,0.001456,0.001085,0,0.8471859296482412,1,0,0,1,0,0.00013,-0.000274,,,0,0,6,0,0.0,0.0,0.0,0,0,0,False,ALLOW,none,not_nominated,none,0,,0,0.0,1420,1420.0,1420.0,0.0,1.0,710.0,4,27048164,0.0,1.4921,0.4486,4,0.0,955.5,,,,3.9,2.7,3.21,3.27,3.9,8.4,1225.7,51.26,73.77,1.31,0.0,0.0,2061.64
6,85,26.1,2026-05-18T15:08:03.048678,2,0,none,none,sample,0,0,0,0,0.001314,0.000974,0,0.8471859296482412,1,0,0,1,0,-0.000111,-0.000219,,,0,0,7,0,0.0,0.0,0.0,0,0,0,False,ALLOW,none,not_nominated,none,0,,0,0.0,1577,1577.0,1577.0,0.0,1.0,788.5,4,29242412,0.0,1.567,0.4344,4,0.0,1027.5,,,,5.0,4.31,2.88,4.06,5.0,8.9,1225.7,73.47,86.78,1.47,0.0,0.0,2065.71
7,87,30.2,2026-05-18T15:08:07.112464,2,0,none,none,sample,0,0,0,0,0.001197,0.000883,0,0.8471859296482412,1,0,0,1,0,-9.1e-05,-0.000172,,,0,0,8,0,0.0,0.0,0.0,0,0,0,False,ALLOW,none,not_nominated,none,0,,0,0.0,1742,1742.0,1742.0,0.0,1.0,871.0,6,31444555,1.0,1.6276,0.4208,4,0.0,1099.5,,,,3.33,2.34,3.4,3.02,3.4,8.9,1225.8,72.95,94.27,1.88,0.0,0.0,2063.2
8,89,34.3,2026-05-18T15:08:11.172602,2,0,none,none,sample,0,0,0,0,0.002104,0.001594,0,0.8471859296482412,1,0,0,1,0,0.000711,5.1e-05,,,0,0,9,0,0.0,0.0,0.0,0,0,0,False,ALLOW,none,not_nominated,none,0,,0,0.0,1834,1834.0,1834.0,0.0,1.0,917.0,9,31806622,0.0,1.7114,0.404,5,0.0,1111.5,,,,5.3,5.02,5.44,5.25,5.44,8.1,1227.9,46.12,77.36,1.62,0.0,0.0,2059.83
9,91,38.3,2026-05-18T15:08:15.244839,2,0,none,none,sample,0,0,0,0,0.002176,0.001651,0,0.8471859296482412,1,0,0,1,0,5.7e-05,0.000139,,,0,0,10,0,0.0,0.0,0.0,0,0,0,False,ALLOW,none,not_nominated,none,0,,0,0.0,1850,1850.0,1850.0,0.0,1.0,925.0,9,31830814,0.0,1.7285,0.4005,5,0.0,1111.5,,,,3.58,3.72,2.45,3.25,3.72,8.1,1227.9,52.01,82.05,1.86,0.0,0.0,2071.96
10,93,42.4,2026-05-18T15:08:19.316030,2,0,none,none,sample,0,0,0,0,0.002383,0.001815,0,0.8471859296482412,1,0,0,1,0,0.000164,0.000146,,,0,0,11,0,0.0,0.0,0.0,0,0,0,False,ALLOW,none,not_nominated,none,0,,0,0.0,1860,1860.0,1860.0,0.0,1.0,930.0,11,31832853,1.0,1.7438,0.3984,5,0.0,1111.5,,,,4.17,3.71,2.75,3.54,4.17,8.6,1227.9,76.37,69.68,1.34,0.0,0.0,2070.83
11,95,46.5,2026-05-18T15:08:23.372427,2,0,none,none,sample,0,0,0,0,0.002909,0.002237,0,0.8471859296482412,1,0,0,1,0,0.000422,0.000253,,,0,0,12,0,0.0,0.0,0.0,0,0,0,False,ALLOW,none,not_nominated,none,0,,0,0.0,1952,1952.0,1952.0,0.0,1.0,976.0,14,31960325,2.0,1.8046,0.38,6,0.5294,1112.0,,,,4.86,2.81,5.95,4.54,5.95,7.1,1227.9,48.46,68.15,1.78,0.0,0.0,2055.98
12,97,50.5,2026-05-18T15:08:27.444850,2,0,none,none,sample,0,0,0,0,0.002868,0.002204,0,0.8471859296482412,1,0,0,1,0,-3.3e-05,0.000264,,,0,0,13,0,0.0,0.0,0.0,0,0,0,False,ALLOW,none,not_nominated,none,0,,0,0.0,568,568.0,568.0,0.0,1.0,284.0,7,834103,0.5,0.9815,0.7329,5,0.0,396.5,,,,3.7,3.35,3.32,3.46,3.7,8.8,1227.9,78.31,84.12,2.2,0.0,0.0,2072.18
13,99,54.6,2026-05-18T15:08:31.509836,2,0,none,none,sample,0,0,0,0,0.003476,0.002694,0,0.8471859296482412,1,0,0,1,0,0.00049,0.00022,,,0,0,14,0,0.0,0.0,0.0,0,0,0,False,ALLOW,none,not_nominated,none,0,,0,0.0,411,411.0,411.0,0.0,1.0,205.5,6,596719,0.0,1.1764,0.8313,5,0.0,414.0,,,,4.58,5.72,5.68,5.33,5.72,7.4,1229.1,46.84,69.7,2.2,0.0,0.0,2064.72
14,101,58.7,2026-05-18T15:08:35.566642,2,0,none,none,sample,0,0,0,0,0.002161,0.001639,0,0.8471859296482412,1,0,0,1,0,-0.001055,-2e-06,,,0,0,15,0,0.0,0.0,0.0,0,0,0,False,ALLOW,none,not_nominated,none,0,,0,0.0,629,629.0,629.0,0.0,1.0,314.5,7,6201585,0.0,1.4449,0.5743,4,0.0,550.5,,,,3.45,3.68,2.81,3.31,3.68,7.4,1229.1,50.65,71.83,1.28,0.0,0.0,2056.53
15,103,62.7,2026-05-18T15:08:39.625801,2,0,none,none,sample,0,0,0,0,0.001587,0.001187,0,0.8471859296482412,1,0,0,1,0,-0.000452,-0.000126,,,0,0,16,0,0.0,0.0,0.0,0,0,0,False,ALLOW,none,not_nominated,none,0,,0,0.0,1186,1186.0,1186.0,0.0,1.0,593.0,7,17913864,0.0,1.8156,0.3958,5,0.0,700.5,,,,3.04,4.09,3.16,3.43,4.09,7.4,1229.1,49.77,70.78,1.05,0.0,0.0,2058.9
16,105,66.8,2026-05-18T15:08:43.687879,2,0,none,none,sample,0,0,0,0,0.00121,0.000894,0,0.8471859296482412,1,0,0,1,0,-0.000293,-0.000269,,,0,0,17,0,0.0,0.0,0.0,0,0,0,False,ALLOW,none,not_nominated,none,0,,0,0.0,1644,1644.0,1644.0,0.0,1.0,822.0,11,29117793,3.0,1.8727,0.3309,4,0.5,816.0,,,,5.51,3.9,4.38,4.6,5.51,6.9,1229.1,46.21,68.16,2.0,0.0,0.0,2061.76
17,107,70.8,2026-05-18T15:08:47.762161,2,0,none,none,sample,0,0,0,0,0.001978,0.001494,0,0.8471859296482412,1,0,0,1,0,0.0006,-0.000142,,,0,0,18,0,0.0,0.0,0.0,0,0,0,False,ALLOW,none,not_nominated,none,0,,0,0.0,2137,2137.0,2137.0,0.0,1.0,1068.5,11,42641271,0.0,1.8955,0.3556,4,0.5,1140.0,,,,10.75,3.32,5.93,6.67,10.75,7.9,1229.1,63.2,72.34,2.71,0.0,0.0,2073.97
18,109,74.9,2026-05-18T15:08:51.828663,2,0,none,none,sample,0,0,0,0,0.002326,0.00177,0,0.8471859296482412,1,0,0,1,0,0.000276,-0.000185,,,0,0,19,0,0.0,0.0,0.0,0,0,0,False,ALLOW,none,not_nominated,none,0,,0,0.0,2574,2574.0,2574.0,0.0,1.0,1287.0,11,54720273,0.5,1.8906,0.3951,4,0.5,1428.0,,,,5.56,5.25,5.42,5.41,5.56,7.4,1229.1,46.16,75.06,1.1,0.0,0.0,2066.16
19,111,79.0,2026-05-18T15:08:55.901154,2,0,none,none,sample,1,0,1,0,0.003177,0.002453,0,0.8471859296482412,1,0,0,1,0,0.000683,0.000163,,,0,0,20,0,0.0,0.0,0.0,0,0,0,False,ALLOW,none,not_nominated,none,0,,0,0.0,2998,2998.0,2998.0,0.0,1.0,1499.0,15,65883541,1.0,1.8897,0.4003,5,0.6667,1713.0,,,,23.7,84.24,58.68,55.54,84.24,16.5,1229.8,204.48,285.57,5.01,0.0,0.0,2072.17
20,112,83.1,2026-05-18T15:08:59.977512,1,0,none,none,sample,1,0,1,0,0.001958,0.001478,0,0.8471859296482412,1,0,0,1,0,-0.000975,5.8e-05,,,0,0,21,0,0.0,0.0,0.0,0,0,0,False,ALLOW,none,not_nominated,none,0,,0,0.0,3537,3537.0,3537.0,0.0,1.0,1768.5,33,73899615,12.0,2.0234,0.3751,5,0.625,1893.5,,,,8.21,44.01,53.22,35.15,53.22,16.4,1229.8,177.96,181.63,2.02,0.0,0.0,2075.87
21,113,87.1,2026-05-18T15:09:04.048364,1,1,iot2,10.10.0.102,sample,1,1,0,1,0.931062,0.938237,1,0.8471859296482412,1,1,0,0,0,0.936759,0.187469,0.9382368998172421,0.0,1,0,21,0,1.0,1.0,1.0,3,2,2,False,WOULD_BLOCK (10.10.0.102),10.10.0.102,accepted,10.10.0.102,1,10.10.0.102,1,0.0,5891,5891.0,5891.0,0.0,1.0,2945.5,47,86150267,23.5,2.0992,0.418,5,0.6207,3673.0,87.1,87.1,87.1,10.38,48.27,36.1,31.58,48.27,17.9,1229.8,152.54,217.3,2.67,0.0,0.0,2070.5
22,114,91.2,2026-05-18T15:09:08.140985,1,1,iot2,10.10.0.102,sample,1,1,0,1,0.99819,0.998638,1,0.8471859296482412,1,1,0,0,0,0.060401,0.199429,0.9382368998172421,0.060402,2,0,21,0,1.0,1.0,1.0,2,2,2,False,WOULD_BLOCK (10.10.0.102),10.10.0.102,accepted,10.10.0.102,1,10.10.0.102,1,3.94,8759,8759.0,8759.0,0.0,1.0,4379.5,47,100024217,0.0,1.9944,0.4349,5,0.6207,5475.0,87.1,87.1,87.1,5.92,51.62,44.19,33.91,51.62,15.9,1229.8,142.36,92.15,2.03,0.0,0.0,2091.12
23,115,95.3,2026-05-18T15:09:12.195860,1,1,iot2,10.10.0.102,sample,1,1,0,1,0.998971,0.999245,1,0.8471859296482412,1,1,0,0,0,0.000607,0.199495,0.9382368998172421,0.061008,3,0,21,0,1.0,1.0,1.0,2,2,2,False,WOULD_BLOCK (10.10.0.102),10.10.0.102,accepted,10.10.0.102,1,10.10.0.102,1,8.46,11887,11887.0,11887.0,0.0,1.0,5943.5,49,114444488,1.0,1.8994,0.4479,5,0.5625,7740.0,87.1,87.1,87.1,14.54,83.5,13.79,37.28,83.5,17.5,1229.9,222.5,436.92,4.28,0.0,0.0,2052.77
24,116,99.3,2026-05-18T15:09:16.263862,1,1,iot2,10.10.0.102,sample,1,1,0,1,0.997965,0.998461,1,0.8471859296482412,1,1,0,0,0,-0.000784,0.199202,0.9382368998172421,0.060224,4,0,21,0,1.0,1.0,1.0,2,2,2,False,WOULD_BLOCK (10.10.0.102),10.10.0.102,accepted,10.10.0.102,1,10.10.0.102,1,12.29,14995,14995.0,14995.0,0.0,1.0,7497.5,61,128588480,6.0,1.831,0.4547,5,0.5833,9975.0,87.1,87.1,87.1,8.13,75.26,18.93,34.11,75.26,18.7,1229.9,251.16,195.4,1.11,0.0,0.0,2067.37
25,117,103.4,2026-05-18T15:09:20.332057,1,1,iot2,10.10.0.102,sample,1,1,0,1,0.999176,0.999402,1,0.8471859296482412,1,1,0,0,0,0.000941,0.199585,0.9382368998172421,0.061165,5,0,21,0,1.0,1.0,1.0,2,2,2,False,WOULD_BLOCK (10.10.0.102),10.10.0.102,accepted,10.10.0.102,1,10.10.0.102,1,16.25,17374,17374.0,17374.0,0.0,1.0,8687.0,65,141035380,2.0,1.8032,0.4571,5,0.5526,11905.0,87.1,87.1,87.1,29.6,25.93,42.9,32.81,42.9,17.9,1229.9,201.07,127.31,2.94,0.0,0.0,2066.84
26,118,107.5,2026-05-18T15:09:24.713837,1,1,iot2,10.10.0.102,sample,1,1,0,1,0.998838,0.999144,1,0.8471859296482412,1,1,0,0,0,-0.000258,0.012181,0.9382368998172421,0.060907,6,0,21,0,1.0,1.0,1.0,2,2,2,False,WOULD_BLOCK (10.10.0.102),10.10.0.102,accepted,10.10.0.102,1,10.10.0.102,1,20.23,20383,20383.0,20383.0,0.0,1.0,10191.5,60,155610025,3.0,1.6888,0.4608,5,0.4688,14060.5,87.1,87.1,87.1,3.54,4.15,2.74,3.48,4.15,12.1,1229.9,57.51,184.23,2.88,0.0,0.0,2381.51
27,120,111.9,2026-05-18T15:09:28.702949,2,1,iot2,10.10.0.102,sample,1,1,0,1,0.998578,0.998942,1,0.8471859296482412,1,1,0,0,0,-0.000202,6.1e-05,0.9382368998172421,0.060705,7,0,21,0,1.0,1.0,1.0,2,2,2,False,WOULD_BLOCK (10.10.0.102),10.10.0.102,accepted,10.10.0.102,1,10.10.0.102,1,24.75,24624,24624.0,24624.0,0.0,1.0,12312.0,63,176191034,1.5,1.7033,0.4494,5,0.4865,16568.0,87.1,87.1,87.1,5.67,10.88,10.94,9.16,10.94,14.8,1229.9,255.57,126.66,1.06,0.0,0.0,1988.73
28,121,117.9,2026-05-18T15:09:34.047089,1,1,iot2,10.10.0.102,sample,1,1,0,1,0.994385,0.995551,1,0.8471859296482412,1,1,0,0,0,-0.003391,-0.000739,0.9382368998172421,0.057314,8,0,21,0,1.0,1.0,1.0,2,2,2,False,WOULD_BLOCK (10.10.0.102),10.10.0.102,accepted,10.10.0.102,1,10.10.0.102,1,30.47,26552,26552.0,26552.0,0.0,1.0,13276.0,94,189648704,15.5,1.727,0.4235,5,0.4884,16827.5,87.1,87.1,87.1,81.21,43.44,15.18,46.61,81.21,13.7,1229.9,49.26,65.74,1.06,0.0,0.0,1343.68
29,122,121.2,2026-05-18T15:09:38.082770,1,1,iot2,10.10.0.102,sample,1,1,0,1,0.999112,0.999354,1,0.8471859296482412,1,1,0,0,0,0.003803,0.000179,0.9382368998172421,0.061117,9,0,21,0,1.0,1.0,1.0,1,2,2,False,WOULD_BLOCK (10.10.0.102),10.10.0.102,accepted,10.10.0.102,1,10.10.0.102,1,33.94,28522,28522.0,28522.0,0.0,1.0,14261.0,98,199958525,2.0,1.7359,0.4232,6,0.8065,18066.5,87.1,87.1,87.1,4.14,2.87,2.6,3.2,4.14,14.1,1229.9,164.0,73.15,1.4,0.0,0.0,2028.41
30,123,127.2,2026-05-18T15:09:43.773913,1,1,iot2,10.10.0.102,sample,1,1,0,1,0.998754,0.999078,1,0.8471859296482412,1,1,0,0,0,-0.000276,-6.5e-05,0.9382368998172421,0.060842,10,0,21,0,1.0,1.0,1.0,1,2,2,False,WOULD_BLOCK (10.10.0.102),10.10.0.102,accepted,10.10.0.102,1,10.10.0.102,1,39.86,30284,30284.0,30284.0,0.0,1.0,15142.0,138,201987735,20.0,1.73,0.4485,6,0.8188,20300.5,87.1,87.1,87.1,139.25,67.37,104.65,103.76,139.25,12.1,1230.3,48.92,69.86,1.03,0.0,0.0,1687.13
31,124,132.9,2026-05-18T15:09:50.057169,1,1,iot2,10.10.0.102,sample,1,1,0,1,0.999606,0.999723,1,0.8471859296482412,1,1,0,0,0,0.000645,0.000116,0.9382368998172421,0.061486,11,0,21,0,1.0,1.0,1.0,1,2,2,False,WOULD_BLOCK (10.10.0.102),10.10.0.102,accepted,10.10.0.102,1,10.10.0.102,1,45.68,30812,30812.0,30812.0,0.0,1.0,15406.0,138,202452470,0.0,1.7405,0.4619,6,0.8188,20840.5,87.1,87.1,87.1,48.5,48.33,4.08,33.64,48.5,16.1,1231.0,46.22,207.05,3.34,0.0,0.0,2279.47
32,125,137.2,2026-05-18T15:09:53.379996,1,1,iot2,10.10.0.102,sample,1,1,0,1,0.999393,0.999565,1,0.8471859296482412,1,1,0,0,0,-0.000158,0.000125,0.9382368998172421,0.061328,12,0,21,0,1.0,1.0,1.0,1,2,2,False,WOULD_BLOCK (10.10.0.102),10.10.0.102,accepted,10.10.0.102,1,10.10.0.102,1,49.81,34506,34506.0,34506.0,0.0,1.0,17253.0,116,204811552,6.5,1.707,0.4644,6,0.8095,23545.5,87.1,87.1,87.1,4.25,2.08,2.18,2.84,4.25,10.8,1231.0,42.31,59.66,0.95,0.0,0.0,1322.47
33,126,142.5,2026-05-18T15:09:58.925820,1,1,iot2,10.10.0.102,sample,1,1,0,1,0.998967,0.999243,1,0.8471859296482412,1,1,0,0,0,-0.000322,0.000738,0.9382368998172421,0.061006,13,0,21,0,1.0,1.0,1.0,1,2,2,False,WOULD_BLOCK (10.10.0.102),10.10.0.102,accepted,10.10.0.102,1,10.10.0.102,1,55.5,25898,25898.0,25898.0,0.0,1.0,12949.0,126,199776475,5.0,1.5507,0.6256,6,0.8214,25607.5,87.1,87.1,87.1,63.71,32.74,4.63,33.69,63.71,15.3,1231.0,200.18,262.36,1.04,0.0,0.0,1541.62
34,127,146.1,2026-05-18T15:10:02.784346,1,1,iot2,10.10.0.102,sample,1,1,0,1,0.998946,0.999226,1,0.8471859296482412,1,1,0,0,0,-1.7e-05,-2.6e-05,0.9382368998172421,0.060989,14,0,21,0,1.0,1.0,1.0,1,2,2,False,WOULD_BLOCK (10.10.0.102),10.10.0.102,accepted,10.10.0.102,1,10.10.0.102,1,58.82,28442,28442.0,28442.0,0.0,1.0,14221.0,126,201265531,0.0,1.5675,0.615,6,0.8214,27514.5,87.1,87.1,87.1,4.35,2.83,2.92,3.37,4.35,13.5,1231.0,158.77,86.56,1.06,0.0,0.0,1858.19
35,128,151.9,2026-05-18T15:10:08.885364,1,1,iot2,10.10.0.102,sample,1,1,0,1,0.996089,0.996953,1,0.8471859296482412,1,1,0,0,0,-0.002273,-0.000425,0.9382368998172421,0.058716,15,0,21,0,1.0,1.0,1.0,1,2,2,False,WOULD_BLOCK (10.10.0.102),10.10.0.102,accepted,10.10.0.102,1,10.10.0.102,1,64.83,31760,31760.0,31760.0,0.0,1.0,15880.0,141,203224059,7.5,1.5812,0.6108,7,0.8254,29970.5,87.1,87.1,87.1,73.78,28.45,29.06,43.76,73.78,15.6,1231.0,238.86,151.47,3.89,0.0,0.0,2096.33
36,129,156.0,2026-05-18T15:10:12.360531,1,1,iot2,10.10.0.102,sample,1,1,0,1,0.998961,0.999238,1,0.8471859296482412,1,1,0,0,0,0.002285,-9.7e-05,0.9382368998172421,0.061001,16,0,21,0,1.0,1.0,1.0,1,2,2,False,WOULD_BLOCK (10.10.0.102),10.10.0.102,accepted,10.10.0.102,1,10.10.0.102,1,68.66,27674,27674.0,27674.0,0.0,1.0,13837.0,78,17029385,3.0,0.9203,0.6931,6,0.8548,32310.0,87.1,87.1,87.1,4.66,2.06,3.09,3.27,4.66,12.7,1227.4,46.97,72.95,1.09,0.0,0.0,1473.31
37,130,161.5,2026-05-18T15:10:18.791920,1,1,iot2,10.10.0.102,sample,1,1,0,1,0.998932,0.999216,1,0.8471859296482412,1,1,0,0,0,-2.2e-05,-7e-05,0.9382368998172421,0.060979,17,0,21,0,1.0,1.0,1.0,1,2,2,False,WOULD_BLOCK (10.10.0.102),10.10.0.102,accepted,10.10.0.102,1,10.10.0.102,1,74.62,30366,30366.0,30366.0,0.0,1.0,15183.0,78,18710209,0.0,0.9707,0.677,6,0.8548,34290.0,87.1,87.1,87.1,30.35,67.13,5.52,34.33,67.13,16.7,1228.9,273.04,314.18,19.09,0.0,0.0,2425.28
38,131,165.9,2026-05-18T15:10:22.982932,1,1,iot2,10.10.0.102,sample,1,1,0,1,0.99615,0.997002,1,0.8471859296482412,1,1,0,0,0,-0.002214,-0.000448,0.9382368998172421,0.058765,18,0,21,0,1.0,1.0,1.0,1,2,2,False,WOULD_BLOCK (10.10.0.102),10.10.0.102,accepted,10.10.0.102,1,10.10.0.102,1,78.71,33721,33721.0,33721.0,0.0,1.0,16860.5,110,23270637,16.0,1.0368,0.6585,7,0.9118,36657.5,87.1,87.1,87.1,7.33,42.66,6.15,18.71,42.66,26.7,1229.0,144.29,122.28,1.93,0.0,0.0,2190.32
39,132,170.1,2026-05-18T15:10:26.492181,1,1,iot2,10.10.0.102,sample,1,1,0,1,0.998961,0.999238,1,0.8471859296482412,1,1,0,0,0,0.002236,2e-06,0.9382368998172421,0.061001,19,0,21,0,1.0,1.0,1.0,1,2,2,False,WOULD_BLOCK (10.10.0.102),10.10.0.102,accepted,10.10.0.102,1,10.10.0.102,1,82.9,35981,35981.0,35981.0,0.0,1.0,17990.5,111,28746374,1.5,1.0757,0.6486,7,0.9151,38303.5,87.1,87.1,87.1,12.6,36.58,12.21,20.46,36.58,14.2,1229.1,160.7,100.76,1.05,0.0,0.0,1504.71
40,133,175.6,2026-05-18T15:10:32.679629,1,1,iot2,10.10.0.102,sample,1,1,0,1,0.998703,0.999039,1,0.8471859296482412,1,1,0,0,0,-0.000199,0.000417,0.9382368998172421,0.060802,20,0,21,0,1.0,1.0,1.0,1,2,2,False,WOULD_BLOCK (10.10.0.102),10.10.0.102,accepted,10.10.0.102,1,10.10.0.102,1,88.33,38394,38394.0,38394.0,0.0,1.0,19197.0,137,35608246,13.0,1.0939,0.6505,7,0.9104,40941.5,87.1,87.1,87.1,81.83,17.59,19.73,39.72,81.83,14.7,1230.1,66.07,121.18,1.52,0.0,0.0,2186.99
41,134,179.8,2026-05-18T15:10:35.977876,1,1,iot2,10.10.0.102,sample,1,1,0,1,0.998409,0.99881,1,0.8471859296482412,1,1,0,0,0,-0.000229,-8.6e-05,0.9382368998172421,0.060573,21,0,21,0,1.0,1.0,1.0,1,2,2,False,WOULD_BLOCK (10.10.0.102),10.10.0.102,accepted,10.10.0.102,1,10.10.0.102,1,92.44,40030,40030.0,40030.0,0.0,1.0,20015.0,133,42577221,2.0,1.1519,0.6449,7,0.92,41708.5,87.1,87.1,87.1,8.52,8.81,10.01,9.11,10.01,12.7,1230.1,41.04,71.18,1.16,0.0,0.0,1297.98
42,135,183.1,2026-05-18T15:10:40.040855,1,1,iot2,10.10.0.102,sample,1,1,0,1,0.824252,0.834136,0,0.8471859296482412,0,0,0,0,1,-0.164674,-0.033016,0.9382368998172421,-0.104101,21,0,21,1,1.0,0.9545,0.9767,1,2,2,False,WOULD_BLOCK (10.10.0.102),10.10.0.102,accepted,10.10.0.102,1,10.10.0.102,1,95.76,39373,39373.0,39373.0,0.0,1.0,19686.5,121,45474003,0.5,1.0623,0.6453,7,0.9145,41698.5,87.1,87.1,87.1,3.95,5.78,6.61,5.45,6.61,12.1,1230.1,53.39,73.68,1.93,0.0,0.0,2062.59
43,137,187.2,2026-05-18T15:10:44.096221,2,1,iot2,10.10.0.102,sample,1,1,0,1,0.647356,0.653593,0,0.8471859296482412,0,0,0,0,1,-0.180543,-0.068682,0.9382368998172421,-0.284644,21,0,21,2,1.0,0.913,0.9545,1,2,2,False,WOULD_BLOCK (10.10.0.102),10.10.0.102,accepted,10.10.0.102,1,10.10.0.102,1,99.86,39676,39676.0,39676.0,0.0,1.0,19838.0,121,50401599,0.5,1.0988,0.641,7,0.9145,41698.5,87.1,87.1,87.1,4.6,4.11,3.75,4.15,4.6,11.6,1232.0,63.29,104.77,2.25,0.0,0.0,2054.98
44,139,191.2,2026-05-18T15:10:48.158559,2,1,iot2,10.10.0.102,sample,1,1,0,1,0.668415,0.675395,0,0.8471859296482412,0,0,0,0,1,0.021802,-0.064769,0.9382368998172421,-0.262842,21,0,21,3,1.0,0.875,0.9333,1,2,2,False,WOULD_BLOCK (10.10.0.102),10.10.0.102,accepted,10.10.0.102,1,10.10.0.102,1,103.91,39947,39947.0,39947.0,0.0,1.0,19973.5,121,54784365,0.0,1.1286,0.637,7,0.9145,41698.5,87.1,87.1,87.1,4.42,2.37,2.47,3.09,4.42,12.1,1232.0,76.09,84.46,1.23,0.0,0.0,2062.05
45,141,195.3,2026-05-18T15:10:52.210463,2,1,none,none,sample,0,1,1,1,0.803776,0.813627,0,0.8471859296482412,0,0,0,0,1,0.138232,-0.037082,0.9382368998172421,-0.12461,21,0,21,4,1.0,0.84,0.913,1,2,2,False,WOULD_BLOCK (10.10.0.102),10.10.0.102,accepted,10.10.0.102,1,10.10.0.102,1,107.97,51528,51528.0,51528.0,0.0,1.0,25764.0,88,65948762,0.0,1.2377,0.5043,6,0.9265,13930.5,87.1,87.1,87.1,3.71,3.08,3.29,3.36,3.71,11.6,1232.0,76.33,80.03,1.53,0.0,0.0,2051.59
46,143,199.4,2026-05-18T15:10:56.261648,2,0,none,none,sample,0,0,0,0,0.906727,0.915059,1,0.8471859296482412,0,0,1,0,0,0.101432,-0.01675,0.9382368998172421,-0.023178,21,1,21,4,0.9545,0.84,0.8936,1,2,0,False,FA_BLOCKED (ignored) src1(10.10.0.102),10.10.0.102,accepted,10.10.0.102,0,,0,0.0,51796,51796.0,51796.0,0.0,1.0,25898.0,88,70197522,0.0,1.2582,0.4972,6,0.9265,13931.0,,,,4.64,5.12,6.42,5.39,6.42,11.6,1232.0,52.74,76.12,1.09,0.0,0.0,2050.93
47,145,203.4,2026-05-18T15:11:00.320288,2,0,none,none,sample,0,0,0,0,0.002992,0.002303,0,0.8471859296482412,1,0,0,1,0,-0.912756,-0.166367,0.9382368998172421,-0.935934,21,1,22,4,0.9545,0.84,0.8936,0,0,0,False,ALLOW,none,not_nominated,none,0,,0,0.0,2415,2415.0,2415.0,0.0,1.0,1207.5,8,45277078,0.0,1.5791,0.4315,5,0.0,1556.5,,,,3.76,4.58,3.57,3.97,4.58,9.4,1232.0,54.24,83.79,1.53,0.0,0.0,2058.27
48,147,207.5,2026-05-18T15:11:04.382459,2,0,none,none,sample,0,0,0,0,0.001403,0.001043,0,0.8471859296482412,1,0,0,1,0,-0.00126,-0.13051,0.9382368998172421,-0.937194,21,1,23,4,0.9545,0.84,0.8936,0,0,0,False,ALLOW,none,not_nominated,none,0,,0,0.0,2627,2627.0,2627.0,0.0,1.0,1313.5,8,47819338,0.0,1.5799,0.4179,5,0.0,1640.5,,,,5.09,4.79,4.03,4.64,5.09,8.4,1232.0,50.36,80.03,1.77,0.0,0.0,2061.89
49,149,211.5,2026-05-18T15:11:08.447165,2,0,none,none,sample,0,0,0,0,0.001439,0.001071,0,0.8471859296482412,1,0,0,1,0,2.8e-05,-0.134865,0.9382368998172421,-0.937166,21,1,24,4,0.9545,0.84,0.8936,0,0,0,False,ALLOW,none,not_nominated,none,0,,0,0.0,2748,2748.0,2748.0,0.0,1.0,1374.0,10,47998828,1.0,1.6073,0.3971,6,0.0,1633.5,,,,14.85,2.94,2.72,6.84,14.85,7.9,1232.0,50.37,75.58,1.33,0.0,0.0,2064.35
50,151,215.6,2026-05-18T15:11:12.513686,2,0,none,none,sample,0,0,0,0,0.002318,0.001764,0,0.8471859296482412,1,0,0,1,0,0.000693,-0.162373,0.9382368998172421,-0.936473,21,1,25,4,0.9545,0.84,0.8936,0,0,0,False,ALLOW,none,not_nominated,none,0,,0,0.0,2870,2870.0,2870.0,0.0,1.0,1435.0,10,48183292,0.0,1.5988,0.3919,6,0.0,1685.5,,,,3.68,2.38,3.21,3.09,3.68,8.6,1232.0,74.85,70.17,1.08,0.0,0.0,2066.17
51,153,219.7,2026-05-18T15:11:16.583316,2,0,none,none,sample,0,0,0,0,0.002864,0.0022,0,0.8471859296482412,1,0,0,1,0,0.000436,-0.182572,0.9382368998172421,-0.936037,21,1,26,4,0.9545,0.84,0.8936,0,0,0,False,ALLOW,none,not_nominated,none,0,,0,0.0,2988,2988.0,2988.0,0.0,1.0,1494.0,9,48370240,0.0,1.565,0.4167,5,0.0,1867.5,,,,6.83,6.7,7.4,6.98,7.4,8.1,1232.0,48.48,80.32,0.99,0.0,0.0,2069.09
52,155,223.7,2026-05-18T15:11:20.641567,2,0,none,none,sample,0,0,0,0,0.004636,0.003642,0,0.8471859296482412,1,0,0,1,0,0.001442,0.000268,0.9382368998172421,-0.934595,21,1,27,4,0.9545,0.84,0.8936,0,0,0,False,ALLOW,none,not_nominated,none,0,,0,0.0,1386,1386.0,1386.0,0.0,1.0,693.0,9,2054102,1.0,0.1597,0.9834,4,0.3333,2040.0,,,,2.79,3.89,3.58,3.42,3.89,8.9,1232.0,76.89,70.02,1.11,0.0,0.0,2057.96
53,157,227.8,2026-05-18T15:11:24.697584,2,0,none,none,sample,0,0,0,0,0.002794,0.002144,0,0.8471859296482412,1,0,0,1,0,-0.001498,0.00022,0.9382368998172421,-0.936093,21,1,28,4,0.9545,0.84,0.8936,0,0,0,False,ALLOW,none,not_nominated,none,0,,0,0.0,1422,1422.0,1422.0,0.0,1.0,711.0,12,2093787,0.0,0.1825,0.9842,4,0.5,2085.0,,,,3.66,3.87,3.09,3.54,3.87,9.1,1232.0,50.68,124.66,1.38,0.0,0.0,2055.74
54,159,231.8,2026-05-18T15:11:28.763054,2,0,none,none,sample,0,0,0,0,0.002034,0.001538,0,0.8471859296482412,1,0,0,1,0,-0.000606,9.3e-05,0.9382368998172421,-0.936699,21,1,29,4,0.9545,0.84,0.8936,0,0,0,False,ALLOW,none,not_nominated,none,0,,0,0.0,1532,1532.0,1532.0,0.0,1.0,766.0,9,4201465,1.0,0.5376,0.9073,3,0.5,2085.0,,,,3.78,2.41,2.74,2.98,3.78,6.9,1232.0,59.51,73.35,1.22,0.0,0.0,2065.18
55,161,235.9,2026-05-18T15:11:32.826057,2,0,none,none,sample,0,0,0,0,0.001759,0.001321,0,0.8471859296482412,1,0,0,1,0,-0.000217,-8.9e-05,0.9382368998172421,-0.936915,21,1,30,4,0.9545,0.84,0.8936,0,0,0,False,ALLOW,none,not_nominated,none,0,,0,0.0,1823,1823.0,1823.0,0.0,1.0,911.5,10,12079581,0.0,1.0224,0.7625,3,0.5,2085.0,,,,4.6,2.33,2.99,3.31,4.6,8.6,1232.0,63.53,89.36,1.74,0.0,0.0,2062.72
56,163,240.0,2026-05-18T15:11:36.891819,2,0,none,none,sample,0,0,0,0,0.001745,0.001311,0,0.8471859296482412,1,0,0,1,0,-1e-05,-0.000178,0.9382368998172421,-0.936926,21,1,31,4,0.9545,0.84,0.8936,0,0,0,False,ALLOW,none,not_nominated,none,0,,0,0.0,2127,2127.0,2127.0,0.0,1.0,1063.5,10,20482365,0.0,1.2654,0.6073,3,0.5,1700.5,,,,3.47,6.5,4.32,4.76,6.5,8.9,1232.0,59.3,87.78,1.13,0.0,0.0,2065.45
57,165,244.0,2026-05-18T15:11:40.954624,2,0,none,none,sample,0,0,0,0,0.000952,0.000695,0,0.8471859296482412,1,0,0,1,0,-0.000616,-0.000589,0.9382368998172421,-0.937542,21,1,32,4,0.9545,0.84,0.8936,0,0,0,False,ALLOW,none,not_nominated,none,0,,0,0.0,1013,1013.0,1013.0,0.0,1.0,506.5,3,26270588,0.0,0.9574,0.6209,2,0.0,943.5,,,,5.56,6.01,6.1,5.89,6.1,9.6,1232.0,66.61,111.19,1.99,0.0,0.0,2062.48
58,167,248.1,2026-05-18T15:11:45.007618,2,0,none,none,sample,0,0,0,0,0.001517,0.001132,0,0.8471859296482412,1,0,0,1,0,0.000437,-0.000202,0.9382368998172421,-0.937105,21,1,33,4,0.9545,0.84,0.8936,0,0,0,False,ALLOW,none,not_nominated,none,0,,0,0.0,1310,1310.0,1310.0,0.0,1.0,655.0,5,34150369,0.0,0.9571,0.6217,2,0.5,1221.0,,,,3.46,3.6,3.75,3.6,3.75,9.6,1232.4,81.06,97.74,1.14,0.0,0.0,2052.66
59,169,252.2,2026-05-18T15:11:49.081060,2,0,none,none,sample,0,0,0,0,0.001379,0.001025,0,0.8471859296482412,1,0,0,1,0,-0.000107,-0.000103,0.9382368998172421,-0.937212,21,1,34,4,0.9545,0.84,0.8936,0,0,0,False,ALLOW,none,not_nominated,none,0,,0,0.0,1742,1742.0,1742.0,0.0,1.0,871.0,7,44924013,1.0,1.2001,0.5764,3,0.5,1504.5,,,,3.63,2.57,2.76,2.99,3.63,8.1,1232.4,58.88,75.28,2.68,0.0,0.0,2073.11
60,171,256.2,2026-05-18T15:11:53.174300,2,0,none,none,sample,1,0,1,0,0.001696,0.001272,0,0.8471859296482412,1,0,0,1,0,0.000247,-1e-05,0.9382368998172421,-0.936965,21,1,35,4,0.9545,0.84,0.8936,0,0,0,False,ALLOW,none,not_nominated,none,0,,0,0.0,2250,2250.0,2250.0,0.0,1.0,1125.0,6,58972291,0.0,1.3505,0.5261,3,0.5,1774.5,,,,52.91,59.06,29.21,47.06,59.06,15.4,1232.4,393.8,197.99,1.08,0.0,0.0,2092.63
61,172,260.3,2026-05-18T15:11:57.229892,1,0,none,none,sample,1,0,1,0,0.000961,0.000703,0,0.8471859296482412,1,0,0,1,0,-0.000569,-0.000122,0.9382368998172421,-0.937534,21,1,36,4,0.9545,0.84,0.8936,3,2,0,False,FA_BLOCKED (ignored) src3(10.10.0.2),10.10.0.2,accepted,10.10.0.2,0,,0,0.0,3539,3539.0,3539.0,0.0,1.0,1769.5,46,67405706,20.0,1.77,0.4077,4,0.4762,2185.5,,,,6.12,42.58,54.64,34.45,54.64,18.2,1232.4,169.37,207.86,2.27,0.0,0.0,2055.05
62,173,264.4,2026-05-18T15:12:01.293166,1,1,h4,10.10.0.4,sample,1,1,0,2,0.965357,0.970047,1,0.8471859296482412,1,1,0,0,0,0.969344,0.19387,0.9700466114679756,0.0,22,1,36,4,0.9565,0.8462,0.898,2,2,2,False,WOULD_BLOCK (10.10.0.2),10.10.0.2,accepted,10.10.0.2,1,10.10.0.2,1,0.0,6369,6369.0,6369.0,0.0,1.0,3184.5,48,79962048,24.0,1.7899,0.4407,5,0.5417,4195.5,264.4,264.4,264.4,6.13,45.65,70.22,40.67,70.22,17.2,1232.4,97.63,145.42,1.97,0.0,0.0,2062.85
63,174,268.4,2026-05-18T15:12:05.616848,1,1,h4,10.10.0.4,sample,1,1,0,2,0.998926,0.999211,1,0.8471859296482412,1,1,0,0,0,0.029164,0.199616,0.9700466114679756,0.029164,23,1,36,4,0.9583,0.8519,0.902,2,2,2,False,WOULD_BLOCK (10.10.0.2),10.10.0.2,accepted,10.10.0.2,1,10.10.0.2,1,4.07,8037,8037.0,8037.0,0.0,1.0,4018.5,50,87121229,1.0,1.7698,0.4488,6,0.5926,5395.5,264.4,264.4,264.4,3.63,3.68,3.3,3.54,3.68,14.1,1232.4,90.36,163.17,1.19,0.0,0.0,2323.1
64,175,272.8,2026-05-18T15:12:09.903378,1,1,h4,10.10.0.4,sample,1,1,0,2,0.998458,0.998849,1,0.8471859296482412,1,1,0,0,0,-0.000362,0.199565,0.9700466114679756,0.028802,24,1,36,4,0.96,0.8571,0.9057,2,2,2,False,WOULD_BLOCK (10.10.0.2),10.10.0.2,accepted,10.10.0.2,1,10.10.0.2,1,8.36,8210,8210.0,8210.0,0.0,1.0,4105.0,50,91847927,0.0,1.7895,0.4472,6,0.5926,5493.0,264.4,264.4,264.4,29.07,4.89,4.88,12.95,29.07,14.0,1232.4,137.99,80.31,1.57,0.0,0.0,2285.89
65,177,277.1,2026-05-18T15:12:13.439944,2,1,h4,10.10.0.4,sample,1,1,0,2,0.99734,0.997964,1,0.8471859296482412,1,1,0,0,0,-0.000885,0.199338,0.9700466114679756,0.027917,25,1,36,4,0.9615,0.8621,0.9091,2,2,2,False,WOULD_BLOCK (10.10.0.2),10.10.0.2,accepted,10.10.0.2,1,10.10.0.2,1,12.74,11425,11425.0,11425.0,0.0,1.0,5712.5,53,105537677,0.5,1.7482,0.4558,6,0.5172,7793.5,264.4,264.4,264.4,7.33,1.78,3.11,4.07,7.33,16.1,1232.4,94.88,210.83,2.29,0.0,0.0,1535.07
66,178,280.6,2026-05-18T15:12:17.730910,1,1,h4,10.10.0.4,sample,1,1,0,2,0.997422,0.998029,1,0.8471859296482412,1,1,0,0,0,6.5e-05,0.199465,0.9700466114679756,0.027982,26,1,36,4,0.963,0.8667,0.9123,2,2,2,False,WOULD_BLOCK (10.10.0.2),10.10.0.2,accepted,10.10.0.2,1,10.10.0.2,1,16.26,13600,13600.0,13600.0,0.0,1.0,6800.0,53,109371957,1.0,1.7102,0.4605,6,0.4615,9371.0,264.4,264.4,264.4,21.11,25.13,24.27,23.5,25.13,15.4,1232.4,59.04,230.53,6.31,0.0,0.0,2290.58
67,180,284.9,2026-05-18T15:12:21.801669,2,1,h4,10.10.0.4,sample,1,1,0,2,0.992717,0.994158,1,0.8471859296482412,1,1,0,0,0,-0.003871,0.004822,0.9700466114679756,0.024111,27,1,36,4,0.9643,0.871,0.9153,1,2,2,False,WOULD_BLOCK (10.10.0.2),10.10.0.2,accepted,10.10.0.2,1,10.10.0.2,1,20.49,15584,15584.0,15584.0,0.0,1.0,7792.0,53,110596063,0.0,1.6861,0.4214,6,0.6275,9828.5,264.4,264.4,264.4,24.49,27.75,19.78,24.01,27.75,14.5,1232.4,53.39,174.0,2.73,0.0,0.0,2070.29
68,181,289.0,2026-05-18T15:12:25.880687,1,1,h4,10.10.0.4,sample,1,1,0,2,0.994565,0.995699,1,0.8471859296482412,1,1,0,0,0,0.001541,-0.000702,0.9700466114679756,0.025653,28,1,36,4,0.9655,0.875,0.918,1,2,2,False,WOULD_BLOCK (10.10.0.2),10.10.0.2,accepted,10.10.0.2,1,10.10.0.2,1,24.53,16327,16327.0,16327.0,0.0,1.0,8163.5,53,111062897,0.0,1.6721,0.4463,6,0.6275,10908.5,264.4,264.4,264.4,3.89,3.51,4.15,3.85,4.15,11.0,1232.4,115.82,82.83,1.8,0.0,0.0,2078.56
69,183,293.0,2026-05-18T15:12:30.210556,2,1,h4,10.10.0.4,sample,1,1,0,2,0.996702,0.99745,1,0.8471859296482412,1,1,0,0,0,0.001751,-0.00028,0.9700466114679756,0.027403,29,1,36,4,0.9667,0.8788,0.9206,1,2,2,False,WOULD_BLOCK (10.10.0.2),10.10.0.2,accepted,10.10.0.2,1,10.10.0.2,1,28.75,17940,17940.0,17940.0,0.0,1.0,8970.0,53,112050745,0.0,1.6358,0.4955,6,0.6275,13368.5,264.4,264.4,264.4,67.36,33.53,40.05,46.98,67.36,15.5,1232.4,190.02,149.45,0.94,0.0,0.0,2329.34
70,184,297.4,2026-05-18T15:12:34.275818,1,1,h4,10.10.0.4,sample,1,1,0,2,0.998867,0.999166,1,0.8471859296482412,1,1,0,0,0,0.001716,0.00024,0.9700466114679756,0.029119,30,1,36,4,0.9677,0.8824,0.9231,1,2,2,False,WOULD_BLOCK (10.10.0.2),10.10.0.2,accepted,10.10.0.2,1,10.10.0.2,1,33.22,19179,19179.0,19179.0,0.0,1.0,9589.5,53,112803957,0.0,1.604,0.524,6,0.6275,15048.5,264.4,264.4,264.4,6.87,28.93,50.45,28.75,50.45,18.0,1227.9,170.99,310.86,3.91,0.0,0.0,2060.36
71,185,301.4,2026-05-18T15:12:38.798676,1,1,h4,10.10.0.4,sample,1,1,0,2,0.982996,0.985803,1,0.8471859296482412,1,1,0,0,0,-0.013363,-0.002445,0.9700466114679756,0.015756,31,1,36,4,0.9688,0.8857,0.9254,1,2,2,False,WOULD_BLOCK (10.10.0.2),10.10.0.2,accepted,10.10.0.2,1,10.10.0.2,1,37.21,20526,20526.0,20526.0,0.0,1.0,10263.0,75,113605700,15.5,1.5891,0.5524,7,0.7662,16338.0,264.4,264.4,264.4,22.68,13.33,17.51,17.84,22.68,13.7,1228.0,64.94,304.97,36.59,0.0,0.0,2522.37
72,187,306.0,2026-05-18T15:12:42.515186,2,1,h4,10.10.0.4,sample,1,1,0,2,0.996788,0.997519,1,0.8471859296482412,1,1,0,0,0,0.011716,0.000672,0.9700466114679756,0.027473,32,1,36,4,0.9697,0.8889,0.9275,1,2,2,False,WOULD_BLOCK (10.10.0.2),10.10.0.2,accepted,10.10.0.2,1,10.10.0.2,1,41.69,24678,24678.0,24678.0,0.0,1.0,12339.0,59,116144539,6.0,1.5436,0.5592,6,0.7627,19414.5,264.4,264.4,264.4,16.52,2.67,3.5,7.56,16.52,16.1,1228.0,103.08,258.56,2.83,0.0,0.0,1716.06
73,188,309.7,2026-05-18T15:12:45.930293,1,1,h4,10.10.0.4,sample,1,1,0,2,0.99575,0.996675,1,0.8471859296482412,1,1,0,0,0,-0.000844,0.000195,0.9700466114679756,0.026629,33,1,36,4,0.9706,0.8919,0.9296,1,2,2,False,WOULD_BLOCK (10.10.0.2),10.10.0.2,accepted,10.10.0.2,1,10.10.0.2,1,45.22,27074,27074.0,27074.0,0.0,1.0,13537.0,59,117547769,0.0,1.5209,0.5649,6,0.7627,21304.0,264.4,264.4,264.4,4.83,3.02,5.3,4.38,5.3,12.9,1229.3,50.42,124.75,2.73,0.0,0.0,1414.83
74,189,313.1,2026-05-18T15:12:49.481123,1,1,h4,10.10.0.4,sample,1,1,0,2,0.996166,0.997015,1,0.8471859296482412,1,1,0,0,0,0.00034,-8.7e-05,0.9700466114679756,0.026968,34,1,36,4,0.9714,0.8947,0.9315,1,2,2,False,WOULD_BLOCK (10.10.0.2),10.10.0.2,accepted,10.10.0.2,1,10.10.0.2,1,48.73,29352,29352.0,29352.0,0.0,1.0,14676.0,59,118898131,0.0,1.501,0.5593,6,0.7627,22871.5,264.4,264.4,264.4,3.76,3.08,3.33,3.39,3.76,15.5,1229.3,115.14,163.01,1.31,0.0,0.0,1550.45
75,190,316.6,2026-05-18T15:12:53.721595,1,1,h4,10.10.0.4,sample,1,1,0,2,0.996126,0.996983,1,0.8471859296482412,1,1,0,0,0,-3.2e-05,-0.000437,0.9700466114679756,0.026936,35,1,36,4,0.9722,0.8974,0.9333,1,2,2,False,WOULD_BLOCK (10.10.0.2),10.10.0.2,accepted,10.10.0.2,1,10.10.0.2,1,52.35,31684,31684.0,31684.0,0.0,1.0,15842.0,59,120279251,0.0,1.4826,0.554,6,0.7627,24595.0,264.4,264.4,264.4,33.01,29.52,19.01,27.18,33.01,17.0,1229.4,169.58,166.99,1.68,0.0,0.0,2238.59
76,191,320.9,2026-05-18T15:12:57.749954,1,1,h4,10.10.0.4,sample,1,1,0,2,0.997415,0.998023,1,0.8471859296482412,1,1,0,0,0,0.00104,0.002444,0.9700466114679756,0.027977,36,1,36,4,0.973,0.9,0.9351,1,2,2,False,WOULD_BLOCK (10.10.0.2),10.10.0.2,accepted,10.10.0.2,1,10.10.0.2,1,56.47,33329,33329.0,33329.0,0.0,1.0,16664.5,38,121062355,2.0,1.4129,0.5645,5,0.75,26076.0,264.4,264.4,264.4,6.34,7.2,47.84,20.46,47.84,14.4,1229.4,124.57,97.02,1.24,0.0,0.0,2027.14
77,192,324.9,2026-05-18T15:13:02.022967,1,1,h4,10.10.0.4,sample,1,1,0,2,0.811283,0.821161,0,0.8471859296482412,0,0,0,0,1,-0.176862,-0.035272,0.9700466114679756,-0.148885,36,1,36,5,0.973,0.878,0.9231,1,2,2,False,WOULD_BLOCK (10.10.0.2),10.10.0.2,accepted,10.10.0.2,1,10.10.0.2,1,60.45,35578,35578.0,35578.0,0.0,1.0,17789.0,58,122411269,10.0,1.4029,0.5598,5,0.7917,27659.0,264.4,264.4,264.4,10.15,2.43,8.96,7.18,10.15,11.9,1229.4,52.43,114.65,7.68,0.0,0.0,2272.54
78,194,329.2,2026-05-18T15:13:06.056056,2,1,h4,10.10.0.4,sample,1,1,0,2,0.997446,0.998048,1,0.8471859296482412,1,1,0,0,0,0.176887,0.000275,0.9700466114679756,0.028002,37,1,36,5,0.9737,0.881,0.925,1,2,2,False,WOULD_BLOCK (10.10.0.2),10.10.0.2,accepted,10.10.0.2,1,10.10.0.2,1,64.72,38458,38458.0,38458.0,0.0,1.0,19229.0,58,124056134,0.0,1.377,0.5684,5,0.7917,30539.0,264.4,264.4,264.4,7.78,4.29,5.92,6.0,7.78,14.1,1229.4,56.36,116.51,2.63,0.0,0.0,2032.7
79,195,333.2,2026-05-18T15:13:09.656739,1,1,h4,10.10.0.4,sample,1,1,0,2,0.998259,0.998692,1,0.8471859296482412,1,1,0,0,0,0.000644,0.000335,0.9700466114679756,0.028646,38,1,36,5,0.9744,0.8837,0.9268,1,2,2,False,WOULD_BLOCK (10.10.0.2),10.10.0.2,accepted,10.10.0.2,1,10.10.0.2,1,68.85,39753,39753.0,39753.0,0.0,1.0,19876.5,58,124802327,0.5,1.3613,0.5835,5,0.7917,32481.5,264.4,264.4,264.4,3.46,3.29,3.34,3.36,3.46,15.6,1229.4,153.08,119.76,1.02,0.0,0.0,1600.16
80,196,336.8,2026-05-18T15:13:14.001718,1,1,h4,10.10.0.4,sample,1,1,0,2,0.997407,0.998017,1,0.8471859296482412,1,1,0,0,0,-0.000675,0.000207,0.9700466114679756,0.027971,39,1,36,5,0.975,0.8864,0.9286,1,2,2,False,WOULD_BLOCK (10.10.0.2),10.10.0.2,accepted,10.10.0.2,1,10.10.0.2,1,72.46,40887,40887.0,40887.0,0.0,1.0,20443.5,56,125468258,0.0,1.3473,0.5973,5,0.8261,34393.5,264.4,264.4,264.4,35.58,36.31,6.92,26.27,36.31,15.4,1229.4,129.14,145.55,0.98,0.0,0.0,2344.63
81,197,341.2,2026-05-18T15:13:18.077361,1,1,h4,10.10.0.4,sample,1,1,0,2,0.998451,0.998843,1,0.8471859296482412,1,1,0,0,0,0.000826,0.000164,0.9700466114679756,0.028796,40,1,36,5,0.9756,0.8889,0.9302,1,2,2,False,WOULD_BLOCK (10.10.0.2),10.10.0.2,accepted,10.10.0.2,1,10.10.0.2,1,76.73,42159,42159.0,42159.0,0.0,1.0,21079.5,56,126219207,0.0,1.3315,0.609,5,0.8261,36109.5,264.4,264.4,264.4,5.72,3.51,23.25,10.83,23.25,13.7,1231.6,124.82,76.67,1.31,0.0,0.0,2074.76
82,198,345.2,2026-05-18T15:13:22.666945,1,1,h4,10.10.0.4,sample,1,1,0,2,0.998883,0.999178,1,0.8471859296482412,1,1,0,0,0,0.000335,0.035603,0.9700466114679756,0.029132,41,1,36,5,0.9762,0.8913,0.9318,1,2,2,False,WOULD_BLOCK (10.10.0.2),10.10.0.2,accepted,10.10.0.2,1,10.10.0.2,1,81.13,43103,43103.0,43103.0,0.0,1.0,21551.5,45,126782710,2.5,1.3194,0.8061,5,0.7812,37537.5,264.4,264.4,264.4,3.54,2.89,7.09,4.51,7.09,21.4,1231.6,340.68,184.32,1.43,0.0,0.0,2584.9
83,199,349.8,2026-05-18T15:13:26.974510,1,1,h4,10.10.0.4,sample,1,1,0,2,0.998392,0.998797,1,0.8471859296482412,1,1,0,0,0,-0.000381,0.00015,0.9700466114679756,0.02875,42,1,36,5,0.9767,0.8936,0.9333,1,2,2,False,WOULD_BLOCK (10.10.0.2),10.10.0.2,accepted,10.10.0.2,1,10.10.0.2,1,85.43,44063,44063.0,44063.0,0.0,1.0,22031.5,45,127336821,0.0,1.3075,0.8119,5,0.7812,38977.5,264.4,264.4,264.4,2.53,1.96,3.09,2.53,3.09,13.5,1231.7,101.98,129.83,6.63,0.0,0.0,2307.22
84,201,354.1,2026-05-18T15:13:30.888870,2,1,h4,10.10.0.4,sample,1,1,0,2,0.999019,0.999282,1,0.8471859296482412,1,1,0,0,0,0.000485,0.000118,0.9700466114679756,0.029236,43,1,36,5,0.9773,0.8958,0.9348,1,2,2,False,WOULD_BLOCK (10.10.0.2),10.10.0.2,accepted,10.10.0.2,1,10.10.0.2,1,89.95,30720,30720.0,30720.0,0.0,1.0,15360.0,64,119649694,0.0,0.8447,0.8086,5,0.7407,39547.5,264.4,264.4,264.4,2.76,2.71,3.16,2.88,3.16,17.9,1231.7,154.93,292.7,4.42,0.0,0.0,1914.07
85,202,358.0,2026-05-18T15:13:34.275288,1,1,h4,10.10.0.4,sample,1,1,0,2,0.997066,0.997744,1,0.8471859296482412,1,1,0,0,0,-0.001538,-5.5e-05,0.9700466114679756,0.027697,44,1,36,5,0.9778,0.898,0.9362,1,2,2,False,WOULD_BLOCK (10.10.0.2),10.10.0.2,accepted,10.10.0.2,1,10.10.0.2,1,93.56,31740,31740.0,31740.0,0.0,1.0,15870.0,64,120236418,0.0,0.8877,0.7992,5,0.7407,40312.5,264.4,264.4,264.4,5.68,2.36,3.85,3.96,5.68,15.7,1231.7,76.76,68.48,1.18,0.0,0.0,1386.07
86,203,361.4,2026-05-18T15:13:37.764591,1,1,h4,10.10.0.4,sample,1,1,0,2,0.998359,0.998771,1,0.8471859296482412,1,1,0,0,0,0.001027,-1.4e-05,0.9700466114679756,0.028725,45,1,36,5,0.9783,0.9,0.9375,1,2,2,False,WOULD_BLOCK (10.10.0.2),10.10.0.2,accepted,10.10.0.2,1,10.10.0.2,1,96.95,31740,31740.0,31740.0,0.0,1.0,15870.0,64,120236418,0.0,0.8877,0.7992,5,0.7407,40312.5,264.4,264.4,264.4,7.74,5.74,54.97,22.82,54.97,14.9,1231.7,77.47,72.06,1.07,0.0,0.0,1488.95
87,204,364.9,2026-05-18T15:13:41.832455,1,1,h4,10.10.0.4,sample,1,1,0,2,0.500163,0.500171,0,0.8471859296482412,0,0,0,0,1,-0.4986,-0.099801,0.9700466114679756,-0.469876,45,1,36,6,0.9783,0.8824,0.9278,1,2,2,False,WOULD_BLOCK (10.10.0.2),10.10.0.2,accepted,10.10.0.2,1,10.10.0.2,1,100.46,31731,31731.0,31731.0,0.0,1.0,15865.5,62,120234445,0.0,0.8868,0.7993,5,0.7407,40312.5,264.4,264.4,264.4,8.13,6.48,11.32,8.64,11.32,12.0,1231.7,72.66,99.34,1.67,0.0,0.0,2067.6
88,206,369.0,2026-05-18T15:13:45.890110,2,1,h4,10.10.0.4,sample,1,1,0,2,0.958991,0.964238,1,0.8471859296482412,1,1,0,0,0,0.464067,-0.006912,0.9700466114679756,-0.005809,46,1,36,6,0.9787,0.8846,0.9293,1,2,2,False,WOULD_BLOCK (10.10.0.2),10.10.0.2,accepted,10.10.0.2,1,10.10.0.2,1,104.48,31731,31731.0,31731.0,0.0,1.0,15865.5,62,120234445,0.0,0.8868,0.7993,5,0.7407,40312.5,264.4,264.4,264.4,4.55,3.32,4.83,4.23,4.83,8.4,1231.7,45.53,71.99,2.04,0.0,0.0,2057.38
89,208,373.0,2026-05-18T15:13:49.952053,2,1,none,none,sample,0,1,1,2,0.932949,0.940016,1,0.8471859296482412,1,1,0,0,0,-0.024222,-0.011853,0.9700466114679756,-0.030031,47,1,36,6,0.9792,0.8868,0.9307,1,2,2,False,WOULD_BLOCK (10.10.0.2),10.10.0.2,accepted,10.10.0.2,1,10.10.0.2,1,108.56,31911,31911.0,31911.0,0.0,1.0,15955.5,65,121365691,1.0,0.9082,0.7951,5,0.7407,40312.5,264.4,264.4,264.4,3.8,3.71,3.22,3.58,3.8,9.8,1231.7,61.64,83.92,1.42,0.0,0.0,2061.58
90,210,377.1,2026-05-18T15:13:54.019368,2,0,none,none,sample,0,0,0,0,0.939319,0.946,1,0.8471859296482412,0,0,1,0,0,0.005984,-0.010349,0.9700466114679756,-0.024047,47,2,36,6,0.9592,0.8868,0.9216,1,2,0,False,FA_BLOCKED (ignored) src1(10.10.0.2),10.10.0.2,accepted,10.10.0.2,0,,0,0.0,32412,32412.0,32412.0,0.0,1.0,16206.0,67,126603047,0.0,0.9649,0.7835,5,0.7407,40312.5,,,,3.57,2.22,2.71,2.83,3.57,9.3,1231.7,56.12,82.64,1.54,0.0,0.0,2066.96
91,212,381.2,2026-05-18T15:13:58.077959,2,0,none,none,sample,0,0,0,0,0.818252,0.828141,0,0.8471859296482412,1,0,0,1,0,-0.117859,-0.034126,0.9700466114679756,-0.141906,47,2,37,6,0.9592,0.8868,0.9216,1,2,0,False,FA_BLOCKED (ignored) src1(10.10.0.2),10.10.0.2,accepted,10.10.0.2,0,,0,0.0,46807,46807.0,46807.0,0.0,1.0,23403.5,59,141760176,0.0,1.3867,0.7024,5,0.8,26877.5,,,,4.08,2.28,4.39,3.58,4.39,7.4,1231.7,50.66,77.09,1.13,0.0,0.0,2058.33
92,214,385.2,2026-05-18T15:14:02.144118,2,0,none,none,sample,0,0,0,0,0.913162,0.921228,1,0.8471859296482412,0,0,1,0,0,0.093087,0.084211,0.9700466114679756,-0.048819,47,3,37,6,0.94,0.8868,0.9126,1,2,0,False,FA_BLOCKED (ignored) src1(10.10.0.2),10.10.0.2,accepted,10.10.0.2,0,,0,0.0,47127,47127.0,47127.0,0.0,1.0,23563.5,59,148670340,0.0,1.4046,0.6937,5,0.8,26877.5,,,,3.44,2.14,3.5,3.03,3.5,8.9,1231.7,54.17,83.23,1.53,0.0,0.0,2065.88
93,216,389.3,2026-05-18T15:14:06.213962,2,0,none,none,sample,0,0,0,0,0.001892,0.001426,0,0.8471859296482412,1,0,0,1,0,-0.919802,-0.192562,0.9700466114679756,-0.968621,47,3,38,6,0.94,0.8868,0.9126,0,0,0,False,ALLOW,none,not_nominated,none,0,,0,0.0,1760,1760.0,1760.0,0.0,1.0,880.0,10,27159062,0.0,2.0312,0.3398,5,0.3,895.0,,,,4.68,4.01,6.1,4.93,6.1,8.4,1231.7,52.13,87.74,1.37,0.0,0.0,2069.58
94,218,393.4,2026-05-18T15:14:10.270182,2,0,none,none,sample,0,0,0,0,0.002383,0.001815,0,0.8471859296482412,1,0,0,1,0,0.000389,-0.18764,0.9700466114679756,-0.968232,47,3,39,6,0.94,0.8868,0.9126,0,0,0,False,ALLOW,none,not_nominated,none,0,,0,0.0,2134,2134.0,2134.0,0.0,1.0,1067.0,11,34797210,0.0,2.0939,0.3275,5,0.2308,1046.5,,,,2.97,2.81,2.84,2.87,2.97,9.1,1231.7,59.11,79.87,3.03,0.0,0.0,2055.84
95,220,397.4,2026-05-18T15:14:14.329669,2,0,none,none,sample,0,0,0,0,0.005901,0.004687,0,0.8471859296482412,1,0,0,1,0,0.002872,-0.188263,0.9700466114679756,-0.96536,47,3,40,6,0.94,0.8868,0.9126,0,0,0,False,ALLOW,none,not_nominated,none,0,,0,0.0,2443,2443.0,2443.0,0.0,1.0,1221.5,15,41692051,1.0,2.1284,0.3275,6,0.4737,1198.0,,,,4.65,3.14,6.27,4.69,6.27,8.1,1231.7,55.32,73.16,1.37,0.0,0.0,2059.18
96,222,401.5,2026-05-18T15:14:18.390566,2,0,none,none,sample,0,0,0,0,0.00408,0.003186,0,0.8471859296482412,1,0,0,1,0,-0.001501,-0.164991,0.9700466114679756,-0.966861,47,3,41,6,0.94,0.8868,0.9126,0,0,0,False,ALLOW,none,not_nominated,none,0,,0,0.0,2718,2718.0,2718.0,0.0,1.0,1359.0,13,48318295,0.0,2.1373,0.3258,6,0.4706,1327.0,,,,5.98,2.23,5.92,4.71,5.98,7.6,1231.7,48.92,81.96,1.15,0.0,0.0,2060.62
97,224,405.5,2026-05-18T15:14:22.447796,2,0,none,none,sample,0,0,0,0,0.003202,0.002473,0,0.8471859296482412,1,0,0,1,0,-0.000713,-0.183751,0.9700466114679756,-0.967574,47,3,42,6,0.94,0.8868,0.9126,0,0,0,False,ALLOW,none,not_nominated,none,0,,0,0.0,2894,2894.0,2894.0,0.0,1.0,1447.0,17,51675974,2.0,2.1564,0.3222,6,0.5,1395.5,,,,3.56,2.24,2.83,2.88,3.56,8.1,1231.7,48.17,85.23,2.19,0.0,0.0,2056.97
98,226,409.6,2026-05-18T15:14:26.512189,2,0,none,none,sample,0,0,0,0,0.001873,0.001412,0,0.8471859296482412,1,0,0,1,0,-0.001061,-3e-06,0.9700466114679756,-0.968635,47,3,43,6,0.94,0.8868,0.9126,0,0,0,False,ALLOW,none,not_nominated,none,0,,0,0.0,3071,3071.0,3071.0,0.0,1.0,1535.5,14,54941030,0.5,2.1706,0.3254,6,0.4667,1446.0,,,,4.47,4.2,6.6,5.09,6.6,7.9,1231.7,51.13,73.45,1.18,0.0,0.0,2064.06
99,228,413.7,2026-05-18T15:14:30.580530,2,0,none,none,sample,0,0,0,0,0.001948,0.00147,0,0.8471859296482412,1,0,0,1,0,5.8e-05,-6.9e-05,0.9700466114679756,-0.968577,47,3,44,6,0.94,0.8868,0.9126,0,0,0,False,ALLOW,none,not_nominated,none,0,,0,0.0,2956,2956.0,2956.0,0.0,1.0,1478.0,13,57742934,0.0,2.0615,0.3416,6,0.4286,1509.5,,,,3.67,2.63,3.89,3.4,3.89,8.4,1231.7,76.2,73.28,1.02,0.0,0.0,2068.09
100,230,417.7,2026-05-18T15:14:34.635336,2,0,none,none,sample,0,0,0,0,0.001462,0.001089,0,0.8471859296482412,1,0,0,1,0,-0.000381,-0.00072,0.9700466114679756,-0.968957,47,3,45,6,0.94,0.8868,0.9126,0,0,0,False,ALLOW,none,not_nominated,none,0,,0,0.0,3129,3129.0,3129.0,0.0,1.0,1564.5,11,60876846,2.0,2.0812,0.4067,5,0.0,1321.0,,,,3.82,3.18,4.02,3.67,4.02,7.2,1231.7,47.97,78.63,2.01,0.0,0.0,2054.52
101,232,421.8,2026-05-18T15:14:38.692622,2,0,none,none,sample,0,0,0,0,0.001691,0.001268,0,0.8471859296482412,1,0,0,1,0,0.000179,-0.000384,0.9700466114679756,-0.968779,47,3,46,6,0.94,0.8868,0.9126,0,0,0,False,ALLOW,none,not_nominated,none,0,,0,0.0,2097,2097.0,2097.0,0.0,1.0,1048.5,11,40352754,1.0,1.7805,0.4892,5,0.0,1444.0,,,,6.71,2.37,5.09,4.72,6.71,8.4,1231.7,49.02,98.17,1.25,0.0,0.0,2057.04
102,234,425.8,2026-05-18T15:14:42.787919,2,0,none,none,sample,1,0,1,0,0.002258,0.001716,0,0.8471859296482412,1,0,0,1,0,0.000448,-0.000151,0.9700466114679756,-0.968331,47,3,47,6,0.94,0.8868,0.9126,0,0,0,False,ALLOW,none,not_nominated,none,0,,0,0.0,2077,2077.0,2077.0,0.0,1.0,1038.5,7,43063103,0.0,1.4938,0.4944,4,0.0,1552.0,,,,6.46,3.04,31.94,13.81,31.94,12.5,1231.7,68.02,91.86,3.48,0.0,0.0,2094.81
103,235,429.9,2026-05-18T15:14:47.311552,1,0,none,none,sample,1,0,1,0,0.004586,0.003601,0,0.8471859296482412,1,0,0,1,0,0.001885,0.000438,0.9700466114679756,-0.966446,47,3,48,6,0.94,0.8868,0.9126,0,0,0,False,ALLOW,none,not_nominated,none,0,,0,0.0,2373,2373.0,2373.0,0.0,1.0,1186.5,35,44412014,14.0,1.778,0.4416,5,0.0,1586.5,,,,13.51,10.44,22.7,15.55,22.7,13.7,1231.7,324.21,170.17,0.96,0.0,0.0,2522.56
104,237,434.5,2026-05-18T15:14:51.272380,2,1,h2,10.10.0.2,sample,1,1,0,3,0.991653,0.993262,1,0.8471859296482412,1,1,0,0,0,0.989661,0.198358,0.9932620364037407,0.0,48,3,48,6,0.9412,0.8889,0.9143,2,2,2,False,WOULD_BLOCK (10.10.0.4),10.10.0.4,accepted,10.10.0.4,1,10.10.0.4,1,0.0,4914,4914.0,4914.0,0.0,1.0,2457.0,52,45981954,8.5,1.7273,0.4231,5,0.5294,4637.5,434.5,434.5,434.5,6.99,5.44,10.14,7.52,10.14,14.4,1227.2,78.57,136.32,1.92,0.0,0.0,1960.52
105,238,438.4,2026-05-18T15:14:55.061411,1,1,h2,10.10.0.2,sample,1,1,0,3,0.998687,0.999027,1,0.8471859296482412,1,1,0,0,0,0.005765,0.199588,0.9932620364037407,0.005765,49,3,48,6,0.9423,0.8909,0.9159,2,2,2,False,WOULD_BLOCK (10.10.0.4),10.10.0.4,accepted,10.10.0.4,1,10.10.0.4,1,4.0,5048,5048.0,5048.0,0.0,1.0,2524.0,53,46054477,0.5,1.7072,0.4256,5,0.5294,4822.5,434.5,434.5,434.5,3.91,3.01,3.15,3.36,3.91,15.8,1228.1,123.33,132.68,1.19,0.0,0.0,1788.68
106,239,442.2,2026-05-18T15:14:58.673319,1,1,h2,10.10.0.2,sample,1,1,0,3,0.999066,0.999318,1,0.8471859296482412,1,1,0,0,0,0.000291,0.19961,0.9932620364037407,0.006056,50,3,48,6,0.9434,0.8929,0.9174,2,2,2,False,WOULD_BLOCK (10.10.0.4),10.10.0.4,accepted,10.10.0.4,1,10.10.0.4,1,7.81,5050,5050.0,5050.0,0.0,1.0,2525.0,53,46054673,0.0,1.7091,0.4255,5,0.5294,4822.5,434.5,434.5,434.5,5.08,2.84,2.8,3.57,5.08,16.3,1230.4,123.12,153.66,1.98,0.0,0.0,1610.07
107,240,445.8,2026-05-18T15:15:02.339344,1,1,h2,10.10.0.2,sample,1,1,0,3,0.999294,0.999491,1,0.8471859296482412,1,1,0,0,0,0.000173,0.199555,0.9932620364037407,0.006229,51,3,48,6,0.9444,0.8947,0.9189,2,2,2,False,WOULD_BLOCK (10.10.0.4),10.10.0.4,accepted,10.10.0.4,1,10.10.0.4,1,11.44,5762,5762.0,5762.0,0.0,1.0,2881.0,55,46461041,1.0,1.6086,0.4346,5,0.6,5866.5,434.5,434.5,434.5,3.97,2.22,3.0,3.06,3.97,15.5,1230.4,218.35,74.35,0.94,0.0,0.0,1665.58
108,241,449.5,2026-05-18T15:15:06.535899,1,1,h2,10.10.0.2,sample,1,1,0,3,0.998157,0.998612,1,0.8471859296482412,1,1,0,0,0,-0.000879,0.199002,0.9932620364037407,0.00535,52,3,48,6,0.9455,0.8966,0.9204,2,2,2,False,WOULD_BLOCK (10.10.0.4),10.10.0.4,accepted,10.10.0.4,1,10.10.0.4,1,15.06,7081,7081.0,7081.0,0.0,1.0,3540.5,55,47198924,1.0,1.4312,0.4491,5,0.5556,7780.0,434.5,434.5,434.5,30.01,23.17,33.48,28.89,33.48,16.4,1230.4,123.15,119.88,0.94,0.0,0.0,2195.82
109,242,453.7,2026-05-18T15:15:10.604990,1,1,h2,10.10.0.2,sample,1,1,0,3,0.998424,0.998822,1,0.8471859296482412,1,1,0,0,0,0.00021,0.001112,0.9932620364037407,0.00556,53,3,48,6,0.9464,0.8983,0.9217,2,2,2,False,WOULD_BLOCK (10.10.0.4),10.10.0.4,accepted,10.10.0.4,1,10.10.0.4,1,19.34,8024,8024.0,8024.0,0.0,1.0,4012.0,55,47752493,0.0,1.3262,0.4506,5,0.5556,8987.5,434.5,434.5,434.5,4.2,3.64,17.3,8.38,17.3,12.8,1230.4,175.65,151.84,1.99,0.0,0.0,2068.67
110,244,457.8,2026-05-18T15:15:14.795762,2,1,h2,10.10.0.2,sample,1,1,0,3,0.997157,0.997816,1,0.8471859296482412,1,1,0,0,0,-0.001006,-0.000242,0.9932620364037407,0.004554,54,3,48,6,0.9474,0.9,0.9231,1,2,2,False,WOULD_BLOCK (10.10.0.4),10.10.0.4,accepted,10.10.0.4,1,10.10.0.4,1,23.49,10083,10083.0,10083.0,0.0,1.0,5041.5,55,48952795,0.0,1.1439,0.5016,5,0.7679,11554.5,434.5,434.5,434.5,3.43,3.3,4.97,3.9,4.97,12.2,1230.4,65.58,307.69,33.93,0.0,0.0,2185.41
111,245,461.9,2026-05-18T15:15:18.745001,1,1,h2,10.10.0.2,sample,1,1,0,3,0.889857,0.898771,1,0.8471859296482412,1,1,0,0,0,-0.099045,-0.020109,0.9932620364037407,-0.094491,55,3,48,6,0.9483,0.9016,0.9244,1,2,2,False,WOULD_BLOCK (10.10.0.4),10.10.0.4,accepted,10.10.0.4,1,10.10.0.4,1,27.65,11024,11024.0,11024.0,0.0,1.0,5512.0,86,49520123,15.5,1.0996,0.5174,5,0.7742,12850.5,434.5,434.5,434.5,6.16,2.74,5.96,4.95,6.16,15.9,1230.4,128.82,248.91,3.95,0.0,0.0,1948.87
112,246,465.9,2026-05-18T15:15:22.727910,1,1,h2,10.10.0.2,sample,1,1,0,3,0.997031,0.997716,1,0.8471859296482412,1,1,0,0,0,0.098945,-0.000355,0.9932620364037407,0.004454,56,3,48,6,0.9492,0.9032,0.9256,1,2,2,False,WOULD_BLOCK (10.10.0.4),10.10.0.4,accepted,10.10.0.4,1,10.10.0.4,1,31.56,12558,12558.0,12558.0,0.0,1.0,6279.0,86,50479068,0.0,1.0342,0.5124,5,0.7742,15012.0,434.5,434.5,434.5,94.35,16.66,42.49,51.17,94.35,16.3,1231.6,161.46,175.66,2.12,0.0,0.0,1982.35
113,247,471.9,2026-05-18T15:15:28.327820,1,1,h2,10.10.0.2,sample,1,1,0,3,0.994967,0.996032,1,0.8471859296482412,1,1,0,0,0,-0.001684,-0.000516,0.9932620364037407,0.00277,57,3,48,6,0.95,0.9048,0.9268,1,2,2,False,WOULD_BLOCK (10.10.0.4),10.10.0.4,accepted,10.10.0.4,1,10.10.0.4,1,37.32,13845,13845.0,13845.0,0.0,1.0,6922.5,76,51296626,10.5,0.9854,0.5469,5,0.7571,16797.0,434.5,434.5,434.5,61.59,50.56,5.46,39.2,61.59,13.4,1231.6,47.6,74.59,1.04,0.0,0.0,1597.99
114,248,475.5,2026-05-18T15:15:31.751166,1,1,h2,10.10.0.2,sample,1,1,0,3,0.999354,0.999536,1,0.8471859296482412,1,1,0,0,0,0.003504,0.000143,0.9932620364037407,0.006274,58,3,48,6,0.9508,0.9062,0.928,1,2,2,False,WOULD_BLOCK (10.10.0.4),10.10.0.4,accepted,10.10.0.4,1,10.10.0.4,1,41.03,14932,14932.0,14932.0,0.0,1.0,7466.0,76,52033967,0.0,0.9604,0.5404,5,0.7571,18274.5,434.5,434.5,434.5,13.26,150.59,8.31,57.39,150.59,14.3,1231.7,83.54,144.24,1.31,0.0,0.0,1422.96
115,249,480.9,2026-05-18T15:15:37.296303,1,1,h2,10.10.0.2,sample,1,1,0,3,0.99952,0.99966,1,0.8471859296482412,1,1,0,0,0,0.000124,0.000369,0.9932620364037407,0.006398,59,3,48,6,0.9516,0.9077,0.9291,1,2,2,False,WOULD_BLOCK (10.10.0.4),10.10.0.4,accepted,10.10.0.4,1,10.10.0.4,1,46.58,15226,15226.0,15226.0,0.0,1.0,7613.0,76,52297959,0.0,0.9722,0.5373,5,0.7571,18561.0,434.5,434.5,434.5,45.03,36.05,6.8,29.29,45.03,15.3,1231.7,155.11,193.4,1.05,0.0,0.0,1538.04
116,250,484.5,2026-05-18T15:15:41.349863,1,1,h2,10.10.0.2,sample,1,1,0,3,0.998516,0.998893,1,0.8471859296482412,1,1,0,0,0,-0.000767,0.020024,0.9932620364037407,0.005631,60,3,48,6,0.9524,0.9091,0.9302,1,2,2,False,WOULD_BLOCK (10.10.0.4),10.10.0.4,accepted,10.10.0.4,1,10.10.0.4,1,50.18,16608,16608.0,16608.0,0.0,1.0,8304.0,61,53182283,3.5,0.9351,0.5309,5,0.725,20612.5,434.5,434.5,434.5,5.92,40.35,49.53,31.93,49.53,20.0,1231.7,168.64,237.52,3.14,0.0,0.0,2048.85
117,251,488.5,2026-05-18T15:15:45.785247,1,1,h2,10.10.0.2,sample,1,1,0,3,0.990615,0.992382,1,0.8471859296482412,1,1,0,0,0,-0.006511,-0.001067,0.9932620364037407,-0.00088,61,3,48,6,0.9531,0.9104,0.9313,1,2,2,False,WOULD_BLOCK (10.10.0.4),10.10.0.4,accepted,10.10.0.4,1,10.10.0.4,1,54.18,17785,17785.0,17785.0,0.0,1.0,8892.5,61,53944225,0.0,0.9046,0.5275,5,0.725,22153.5,434.5,434.5,434.5,3.75,5.81,3.87,4.48,5.81,14.7,1231.7,213.71,136.12,1.6,0.0,0.0,2430.43
118,253,492.9,2026-05-18T15:15:49.732469,2,1,h2,10.10.0.2,sample,1,1,0,3,0.99196,0.993521,1,0.8471859296482412,1,1,0,0,0,0.001139,-0.000502,0.9932620364037407,0.000259,62,3,48,6,0.9538,0.9118,0.9323,1,2,2,False,WOULD_BLOCK (10.10.0.4),10.10.0.4,accepted,10.10.0.4,1,10.10.0.4,1,58.59,19790,19790.0,19790.0,0.0,1.0,9895.0,61,55124129,0.0,0.838,0.5444,5,0.725,25159.5,434.5,434.5,434.5,3.74,3.12,3.3,3.39,3.74,15.7,1231.7,160.27,173.77,2.58,0.0,0.0,1946.69
119,254,498.9,2026-05-18T15:15:56.093625,1,1,h2,10.10.0.2,sample,1,1,0,3,0.988316,0.990418,1,0.8471859296482412,1,1,0,0,0,-0.003103,-0.001824,0.9932620364037407,-0.002844,63,3,48,6,0.9545,0.913,0.9333,1,2,2,False,WOULD_BLOCK (10.10.0.4),10.10.0.4,accepted,10.10.0.4,1,10.10.0.4,1,64.44,33735,33735.0,33735.0,0.0,1.0,16867.5,68,63182802,8.5,1.3382,0.5635,5,0.62,27176.0,434.5,434.5,434.5,20.92,41.93,61.29,41.38,61.29,15.7,1231.7,155.53,82.98,1.13,0.0,0.0,2360.39
120,255,503.2,2026-05-18T15:16:00.074592,1,1,h2,10.10.0.2,sample,1,1,0,3,0.992106,0.993645,1,0.8471859296482412,1,1,0,0,0,0.003227,-0.001203,0.9932620364037407,0.000383,64,3,48,6,0.9552,0.9143,0.9343,1,2,2,False,WOULD_BLOCK (10.10.0.4),10.10.0.4,accepted,10.10.0.4,1,10.10.0.4,1,68.9,35055,35055.0,35055.0,0.0,1.0,17527.5,68,63948016,0.0,1.3205,0.5841,5,0.62,29156.0,434.5,434.5,434.5,7.47,24.62,63.49,31.86,63.49,15.8,1231.7,192.0,142.68,2.2,0.0,0.0,1980.49
121,256,507.2,2026-05-18T15:16:04.466580,1,1,h2,10.10.0.2,sample,1,1,0,3,0.998589,0.998951,1,0.8471859296482412,1,1,0,0,0,0.005306,1.2e-05,0.9932620364037407,0.005689,65,3,48,6,0.9559,0.9155,0.9353,1,2,2,False,WOULD_BLOCK (10.10.0.4),10.10.0.4,accepted,10.10.0.4,1,10.10.0.4,1,72.85,36292,36292.0,36292.0,0.0,1.0,18146.0,68,64660540,0.5,1.3013,0.6034,5,0.62,31134.0,434.5,434.5,434.5,39.84,23.65,21.95,28.48,39.84,13.2,1231.7,142.36,152.33,2.29,0.0,0.0,2386.14
122,258,511.6,2026-05-18T15:16:07.944493,2,1,h2,10.10.0.2,sample,1,1,0,3,0.998703,0.999039,1,0.8471859296482412,1,1,0,0,0,8.8e-05,0.001331,0.9932620364037407,0.005777,66,3,48,6,0.9565,0.9167,0.9362,1,2,2,False,WOULD_BLOCK (10.10.0.4),10.10.0.4,accepted,10.10.0.4,1,10.10.0.4,1,77.05,37677,37677.0,37677.0,0.0,1.0,18838.5,68,65449891,0.0,1.2847,0.8078,5,0.62,32936.0,434.5,434.5,434.5,4.7,1.8,3.08,3.19,4.7,12.4,1231.7,43.94,70.97,1.11,0.0,0.0,1477.53
123,259,515.1,2026-05-18T15:16:11.172187,1,1,h2,10.10.0.2,sample,1,1,0,3,0.992285,0.993796,1,0.8471859296482412,1,1,0,0,0,-0.005243,5.5e-05,0.9932620364037407,0.000534,67,3,48,6,0.9571,0.9178,0.9371,1,2,2,False,WOULD_BLOCK (10.10.0.4),10.10.0.4,accepted,10.10.0.4,1,10.10.0.4,1,80.55,38125,38125.0,38125.0,0.0,1.0,19062.5,53,65747145,0.5,1.2822,0.8106,6,0.6774,33612.5,434.5,434.5,434.5,3.44,3.24,4.73,3.8,4.73,13.3,1231.7,55.84,74.56,1.31,0.0,0.0,1227.35
124,260,518.3,2026-05-18T15:16:14.413790,1,1,h2,10.10.0.2,sample,1,1,0,3,0.992117,0.993654,1,0.8471859296482412,1,1,0,0,0,-0.000142,0.000647,0.9932620364037407,0.000392,68,3,48,6,0.9577,0.9189,0.9379,1,2,2,False,WOULD_BLOCK (10.10.0.4),10.10.0.4,accepted,10.10.0.4,1,10.10.0.4,1,83.76,38141,38141.0,38141.0,0.0,1.0,19070.5,53,65771337,0.0,1.2863,0.8101,6,0.6774,33612.5,434.5,434.5,434.5,10.02,8.1,69.45,29.19,69.45,13.3,1231.7,45.49,68.65,0.96,0.0,0.0,1241.32
125,261,521.6,2026-05-18T15:16:18.480520,1,1,h2,10.10.0.2,sample,1,1,0,3,0.005015,0.003953,0,0.8471859296482412,0,0,0,0,1,-0.989701,-0.197938,0.9932620364037407,-0.989309,68,3,48,7,0.9577,0.9067,0.9315,1,2,2,False,WOULD_BLOCK (10.10.0.4),10.10.0.4,accepted,10.10.0.4,1,10.10.0.4,1,87.03,35782,35782.0,35782.0,0.0,1.0,17891.0,9,21296441,1.5,1.0668,0.8323,5,0.0,33573.5,434.5,434.5,434.5,5.67,1.83,4.88,4.13,5.67,9.6,1231.7,76.54,70.42,1.1,0.0,0.0,2066.41
126,263,525.6,2026-05-18T15:16:22.547047,2,1,none,none,sample,0,1,1,3,0.002823,0.002167,0,0.8471859296482412,0,0,0,0,1,-0.001786,-0.199357,0.9932620364037407,-0.991095,68,3,48,8,0.9577,0.8947,0.9252,1,2,2,False,WOULD_BLOCK (10.10.0.4),10.10.0.4,accepted,10.10.0.4,1,10.10.0.4,1,91.11,35827,35827.0,35827.0,0.0,1.0,17913.5,10,21363139,0.0,1.075,0.831,5,0.0,33573.5,434.5,434.5,434.5,3.82,2.47,4.55,3.61,4.55,10.1,1231.7,79.05,76.85,1.42,0.0,0.0,2066.08
127,265,529.7,2026-05-18T15:16:26.613442,2,0,none,none,sample,0,0,0,0,0.010422,0.008501,0,0.8471859296482412,1,0,0,1,0,0.006334,-0.198108,0.9932620364037407,-0.984761,68,3,49,8,0.9577,0.8947,0.9252,0,0,0,False,ALLOW,none,not_nominated,none,0,,0,0.0,35879,35879.0,35879.0,0.0,1.0,17939.5,18,21399130,9.0,1.0822,0.8295,5,0.0,33575.0,,,,5.87,3.49,8.41,5.92,8.41,9.6,1231.7,53.68,79.88,0.98,0.0,0.0,2065.9
128,267,533.8,2026-05-18T15:16:30.675218,2,0,none,none,sample,0,0,0,0,0.012801,0.010544,0,0.8471859296482412,1,0,0,1,0,0.002043,-0.19665,0.9932620364037407,-0.982718,68,3,50,8,0.9577,0.8947,0.9252,0,0,0,False,ALLOW,none,not_nominated,none,0,,0,0.0,35909,35909.0,35909.0,0.0,1.0,17954.5,20,21431421,1.0,1.0885,0.8289,6,0.0,33575.0,,,,3.42,2.9,4.47,3.6,4.47,11.8,1231.9,75.05,72.98,1.44,0.0,0.0,2061.4
129,269,537.8,2026-05-18T15:16:34.740872,2,0,none,none,sample,0,0,0,0,0.012329,0.010137,0,0.8471859296482412,1,0,0,1,0,-0.000407,-0.196703,0.9932620364037407,-0.983125,68,3,51,8,0.9577,0.8947,0.9252,0,0,0,False,ALLOW,none,not_nominated,none,0,,0,0.0,35932,35932.0,35932.0,0.0,1.0,17966.0,20,21466197,0.0,1.093,0.8283,6,0.0,33575.0,,,,3.87,3.27,5.81,4.32,5.81,16.5,1231.9,49.78,68.55,0.94,0.0,0.0,2065.35
130,271,541.9,2026-05-18T15:16:38.813706,2,0,none,none,sample,0,0,0,0,0.019935,0.016773,0,0.8471859296482412,1,0,0,1,0,0.006636,0.002564,0.9932620364037407,-0.976489,68,3,52,8,0.9577,0.8947,0.9252,0,0,0,False,ALLOW,none,not_nominated,none,0,,0,0.0,35936,35936.0,35936.0,0.0,1.0,17968.0,20,21469417,0.0,1.0934,0.8286,6,0.0,33576.5,,,,5.24,2.24,4.3,3.93,5.24,8.3,1231.9,76.66,76.3,1.92,0.0,0.0,2072.52
131,273,546.0,2026-05-18T15:16:42.869617,2,0,none,none,sample,0,0,0,0,0.005287,0.004178,0,0.8471859296482412,1,0,0,1,0,-0.012595,0.000402,0.9932620364037407,-0.989084,68,3,53,8,0.9577,0.8947,0.9252,0,0,0,False,ALLOW,none,not_nominated,none,0,,0,0.0,35352,35352.0,35352.0,0.0,1.0,17676.0,16,20598832,0.0,0.9966,0.8352,6,0.0,33576.0,,,,4.02,2.73,2.83,3.19,4.02,7.6,1231.9,48.19,74.33,1.22,0.0,0.0,2055.45
132,275,550.0,2026-05-18T15:16:46.936299,2,0,none,none,sample,0,0,0,0,0.003662,0.002846,0,0.8471859296482412,1,0,0,1,0,-0.001332,-0.001131,0.9932620364037407,-0.990417,68,3,54,8,0.9577,0.8947,0.9252,0,0,0,False,ALLOW,none,not_nominated,none,0,,0,0.0,35351,35351.0,35351.0,0.0,1.0,17675.5,15,20598739,0.0,0.9963,0.8353,6,0.0,33576.0,,,,2.84,3.42,5.1,3.79,5.1,7.6,1231.9,47.51,71.61,1.84,0.0,0.0,2066.38
133,277,554.1,2026-05-18T15:16:50.997630,2,0,none,none,sample,0,0,0,0,0.004608,0.003619,0,0.8471859296482412,1,0,0,1,0,0.000773,-0.001385,0.9932620364037407,-0.989643,68,3,55,8,0.9577,0.8947,0.9252,0,0,0,False,ALLOW,none,not_nominated,none,0,,0,0.0,35352,35352.0,35352.0,0.0,1.0,17676.0,15,20598837,0.5,0.9966,0.8367,6,0.0,33576.0,,,,4.12,3.19,4.48,3.93,4.48,7.4,1231.9,46.16,74.83,1.04,0.0,0.0,2060.97
134,279,558.1,2026-05-18T15:16:55.058428,2,0,none,none,sample,0,0,0,0,0.001272,0.000942,0,0.8471859296482412,1,0,0,1,0,-0.002677,-0.001839,0.9932620364037407,-0.99232,68,3,56,8,0.9577,0.8947,0.9252,0,0,0,False,ALLOW,none,not_nominated,none,0,,0,0.0,22445,22445.0,22445.0,0.0,1.0,11222.5,3,13065957,0.0,0.0285,0.9925,3,0.0,11192.0,,,,3.45,3.19,5.14,3.93,5.14,8.6,1231.9,79.13,78.65,1.3,0.0,0.0,2060.45
135,281,562.2,2026-05-18T15:16:59.125081,2,0,none,none,sample,0,0,0,0,0.001308,0.000969,0,0.8471859296482412,1,0,0,1,0,2.7e-05,-0.003161,0.9932620364037407,-0.992293,68,3,57,8,0.9577,0.8947,0.9252,0,0,0,False,ALLOW,none,not_nominated,none,0,,0,0.0,160,160.0,160.0,0.0,1.0,80.0,4,217483,0.0,0.6033,0.9142,3,0.0,213.0,,,,4.58,2.71,4.12,3.8,4.58,9.1,1232.0,76.72,118.19,1.31,0.0,0.0,2066.41
136,283,566.3,2026-05-18T15:17:03.184172,2,0,none,none,sample,0,0,0,0,0.001604,0.0012,0,0.8471859296482412,1,0,0,1,0,0.000231,-0.000596,0.9932620364037407,-0.992062,68,3,58,8,0.9577,0.8947,0.9252,0,0,0,False,ALLOW,none,not_nominated,none,0,,0,0.0,254,254.0,254.0,0.0,1.0,127.0,6,355413,0.0,0.5079,0.937,4,0.0,349.5,,,,4.99,7.39,3.61,5.33,7.39,8.4,1232.0,77.77,80.51,1.09,0.0,0.0,2058.81
137,285,570.3,2026-05-18T15:17:07.248764,2,0,none,none,sample,0,0,0,0,0.003373,0.00261,0,0.8471859296482412,1,0,0,1,0,0.00141,-4.7e-05,0.9932620364037407,-0.990652,68,3,59,8,0.9577,0.8947,0.9252,0,0,0,False,ALLOW,none,not_nominated,none,0,,0,0.0,338,338.0,338.0,0.0,1.0,169.0,5,492319,0.0,0.3024,0.9605,4,0.0,486.0,,,,3.35,1.88,3.3,2.84,3.35,8.4,1232.0,64.01,73.22,1.11,0.0,0.0,2064.3
138,287,574.4,2026-05-18T15:17:11.322026,2,0,none,none,sample,0,0,0,0,0.002713,0.002079,0,0.8471859296482412,1,0,0,1,0,-0.000531,-0.000308,0.9932620364037407,-0.991183,68,3,60,8,0.9577,0.8947,0.9252,0,0,0,False,ALLOW,none,not_nominated,none,0,,0,0.0,430,430.0,430.0,0.0,1.0,215.0,6,631423,0.5,0.2493,0.9735,4,0.0,624.0,,,,5.53,3.92,5.84,5.1,5.84,7.9,1227.1,52.89,77.51,1.04,0.0,0.0,2072.54
139,289,578.5,2026-05-18T15:17:15.374867,2,0,none,none,sample,0,0,0,0,0.001598,0.001195,0,0.8471859296482412,1,0,0,1,0,-0.000884,5.1e-05,0.9932620364037407,-0.992067,68,3,61,8,0.9577,0.8947,0.9252,0,0,0,False,ALLOW,none,not_nominated,none,0,,0,0.0,687,687.0,687.0,0.0,1.0,343.5,8,2591433,1.0,0.7782,0.8571,4,0.0,873.0,,,,3.18,3.14,4.83,3.72,4.83,8.1,1227.2,77.47,77.0,1.06,0.0,0.0,2052.53
140,291,582.5,2026-05-18T15:17:19.437355,2,0,none,none,sample,0,0,0,0,0.001189,0.000877,0,0.8471859296482412,1,0,0,1,0,-0.000318,-1.8e-05,0.9932620364037407,-0.992385,68,3,62,8,0.9577,0.8947,0.9252,0,0,0,False,ALLOW,none,not_nominated,none,0,,0,0.0,998,998.0,998.0,0.0,1.0,499.0,6,7545664,0.0,1.0969,0.7365,4,0.0,1101.0,,,,3.22,2.7,3.95,3.29,3.95,8.6,1227.2,60.53,109.42,3.92,0.0,0.0,2062.19
141,293,586.6,2026-05-18T15:17:23.500703,2,0,none,none,sample,0,0,0,0,0.001482,0.001105,0,0.8471859296482412,1,0,0,1,0,0.000228,-1.9e-05,0.9932620364037407,-0.992157,68,3,63,8,0.9577,0.8947,0.9252,0,0,0,False,ALLOW,none,not_nominated,none,0,,0,0.0,1313,1313.0,1313.0,0.0,1.0,656.5,4,12507170,0.0,1.2115,0.6778,3,0.0,1335.0,,,,5.3,2.06,8.01,5.12,8.01,7.6,1227.2,48.05,71.04,1.1,0.0,0.0,2063.05
142,295,590.7,2026-05-18T15:17:27.561765,2,0,none,none,sample,0,0,0,0,0.00124,0.000917,0,0.8471859296482412,1,0,0,1,0,-0.000188,-0.000339,0.9932620364037407,-0.992345,68,3,64,8,0.9577,0.8947,0.9252,0,0,0,False,ALLOW,none,not_nominated,none,0,,0,0.0,1657,1657.0,1657.0,0.0,1.0,828.5,8,17472085,2.0,1.2918,0.6367,3,0.5,1582.5,,,,3.6,2.27,3.37,3.08,3.6,8.4,1227.2,79.01,73.39,1.36,0.0,0.0,2060.76
143,297,594.7,2026-05-18T15:17:31.631376,2,0,none,none,sample,0,0,0,0,0.002459,0.001876,0,0.8471859296482412,1,0,0,1,0,0.000959,-4.1e-05,0.9932620364037407,-0.991386,68,3,65,8,0.9577,0.8947,0.9252,0,0,0,False,ALLOW,none,not_nominated,none,0,,0,0.0,1985,1985.0,1985.0,0.0,1.0,992.5,10,22296321,0.0,1.3419,0.6053,3,0.5,1827.5,,,,5.14,4.1,6.49,5.24,6.49,8.4,1227.3,77.61,71.81,1.27,0.0,0.0,2069.35
144,299,598.8,2026-05-18T15:17:35.695493,2,0,none,none,sample,0,0,0,0,0.002082,0.001576,0,0.8471859296482412,1,0,0,1,0,-0.0003,7.6e-05,0.9932620364037407,-0.991686,68,3,66,8,0.9577,0.8947,0.9252,0,0,0,False,ALLOW,none,not_nominated,none,0,,0,0.0,2337,2337.0,2337.0,0.0,1.0,1168.5,10,27670701,0.0,1.371,0.5875,3,0.5,2059.5,,,,2.76,3.27,4.77,3.6,4.77,7.1,1229.4,47.53,65.58,1.12,0.0,0.0,2063.79
